{
    "pressure": [
        344000.00000000006,
        "Pa"
    ],
    "room_pressure": {
        "kitchen": [
            337000.0000000001,
            "Pa"
        ],
        "bathroom": [
            335999.99999999994,
            "Pa"
        ],
        "garden": [
            337000.0000000001,
            "Pa"
        ]
    },
    "room_pressure_diff": {
        "kitchen": [
            6999.999999999942,
            "Pa"
        ],
        "bathroom": [
            8000.000000000116,
            "Pa"
        ],
        "garden": [
            6999.999999999942,
            "Pa"
        ]
    }
}