{
    "pressure": [
        417000.00000000006,
        "Pa"
    ],
    "room_pressure": {
        "kitchen": [
            409986.7256637168,
            "Pa"
        ],
        "bathroom": [
            409022.1238938054,
            "Pa"
        ],
        "garden": [
            0.0,
            "Pa"
        ]
    },
    "room_pressure_diff": {
        "kitchen": [
            7013.27433628327,
            "Pa"
        ],
        "bathroom": [
            7977.876106194686,
            "Pa"
        ],
        "garden": [
            417000.00000000006,
            "Pa"
        ]
    }
}