{
    "static_room_pressure_loss": {
        "kitchen": [
            7056.890047289986,
            "Pa"
        ],
        "bathroom": [
            8029.440882715899,
            "Pa"
        ],
        "garden": [
            7649.761260590474,
            "Pa"
        ]
    },
    "density": [
        998.204,
        "kg/m3"
    ],
    "gravity": [
        9.82,
        "m/s2"
    ],
    "room_height": {
        "kitchen": [
            0.7199172123816642,
            "m"
        ],
        "bathroom": [
            0.8191331675187515,
            "m"
        ],
        "garden": [
            0.7803996895522601,
            "m"
        ]
    },
    "pipe": {
        "main": {
            "diameter": [
                0.00138,
                "m"
            ],
            "area": [
                2.9914245247482006e-06,
                "m2"
            ]
        },
        "kc": {
            "diameter": [
                0.00082,
                "m"
            ],
            "area": [
                1.0562034501368885e-06,
                "m2"
            ]
        },
        "br_1": {
            "diameter": [
                0.0010500000000000002,
                "m"
            ],
            "area": [
                1.7318029502913738e-06,
                "m2"
            ]
        },
        "br_2": {
            "diameter": [
                0.00082,
                "m"
            ],
            "area": [
                1.0562034501368885e-06,
                "m2"
            ]
        },
        "gd_1": {
            "diameter": [
                0.0010500000000000002,
                "m"
            ],
            "area": [
                1.7318029502913738e-06,
                "m2"
            ]
        },
        "gd_2": {
            "diameter": [
                0.00082,
                "m"
            ],
            "area": [
                1.0562034501368885e-06,
                "m2"
            ]
        }
    },
    "flow": [
        0.00011905563480741797,
        "m3/s"
    ],
    "pressure": [
        387616.2624821683,
        "Pa"
    ],
    "room_pressure": {
        "kitchen": [
            376865.90584878746,
            "Pa"
        ],
        "bathroom": [
            364805.99144079885,
            "Pa"
        ],
        "garden": [
            376386.5905848787,
            "Pa"
        ]
    },
    "temp": [
        293.15,
        "\u00b0C"
    ],
    "dyn_viscosity": [
        0.001002,
        "N*s/m2"
    ],
    "kin_viscosity": [
        1.003802829882469e-06,
        "m2/s"
    ],
    "Re": {
        "main": 54714.5177723007,
        "kc": 92080.52990948166,
        "br_1": 71910.50907216663,
        "br_2": 92080.52990948166,
        "gd_1": 71910.50907216663,
        "gd_2": 92080.52990948166
    },
    "hOhm": "kg/(m^4 * s)",
    "pipe_pressure": {
        "kitchen": [
            10750.35663338087,
            "Pa"
        ],
        "bathroom": [
            22810.271041369473,
            "Pa"
        ],
        "garden": [
            11229.671897289634,
            "Pa"
        ]
    },
    "R_pipe": {
        "kitchen": [
            260575910739.52707,
            "hOhm"
        ],
        "bathroom": [
            1042794943531.3098,
            "hOhm"
        ],
        "garden": [
            252564481843.9545,
            "hOhm"
        ]
    },
    "R_appliance": {
        "kitchen": [
            26588077718921.65,
            "hOhm"
        ],
        "bathroom": [
            25737244739374.273,
            "hOhm"
        ],
        "garden": [
            26554261787867.95,
            "hOhm"
        ]
    },
    "R_total": {
        "kitchen": [
            26848653629661.176,
            "hOhm"
        ],
        "bathroom": [
            26780039682905.582,
            "hOhm"
        ],
        "garden": [
            26806826269711.902,
            "hOhm"
        ]
    }
}