{
    "flow": [
        0.00011905563480741797,
        "m3/s"
    ],
    "pressure": [
        387616.2624821683,
        "Pa"
    ],
    "room_pressure": {
        "kitchen": [
            376865.90584878746,
            "Pa"
        ],
        "bathroom": [
            364805.99144079885,
            "Pa"
        ],
        "garden": [
            376386.5905848787,
            "Pa"
        ]
    },
    "hOhm": "kg/(m^4 * s)",
    "R_total": [
        3255757386.9491243,
        "hOhm"
    ],
    "pipe_pressure": {
        "kitchen": [
            10750.35663338087,
            "Pa"
        ],
        "bathroom": [
            22810.271041369473,
            "Pa"
        ],
        "garden": [
            11229.671897289634,
            "Pa"
        ]
    },
    "R_pipe": {
        "kitchen": [
            90296915.81394222,
            "hOhm"
        ],
        "bathroom": [
            191593376.30904168,
            "hOhm"
        ],
        "garden": [
            94322892.952144,
            "hOhm"
        ]
    },
    "R_appliance": {
        "kitchen": [
            3165460471.135182,
            "hOhm"
        ],
        "bathroom": [
            3064164010.640083,
            "hOhm"
        ],
        "garden": [
            3161434493.99698,
            "hOhm"
        ]
    }
}