{
    "flow": [
        0.00011905563480741797,
        "m3/s"
    ],
    "pressure": [
        387616.2624821683,
        "Pa"
    ],
    "room_pressure": {
        "kitchen": [
            376865.90584878746,
            "Pa"
        ],
        "bathroom": [
            364805.99144079885,
            "Pa"
        ],
        "garden": [
            376386.5905848787,
            "Pa"
        ]
    },
    "hOhm": "kg/(m^4 * s)",
    "R_total": [
        3255757386.9491243,
        "hOhm"
    ],
    "pipe_pressure": {
        "kitchen": [
            10750.35663338087,
            "Pa"
        ],
        "bathroom": [
            22810.271041369473,
            "Pa"
        ],
        "garden": [
            11229.671897289634,
            "Pa"
        ]
    },
    "R_pipe": {
        "kitchen": [
            90296915.81394222,
            "hOhm"
        ],
        "bathroom": [
            191593376.30904168,
            "hOhm"
        ],
        "garden": [
            94322892.952144,
            "hOhm"
        ]
    },
    "R_appliance": {
        "kitchen": [
            3165460471.135182,
            "hOhm"
        ],
        "bathroom": [
            3064164010.640083,
            "hOhm"
        ],
        "garden": [
            3161434493.99698,
            "hOhm"
        ]
    },
    "pipe": {
        "main": {
            "diameter": [
                0.00138,
                "m"
            ],
            "area": [
                2.9914245247482006e-06,
                "m\u00b2"
            ],
            "length": [
                6,
                "m"
            ]
        },
        "kc": {
            "diameter": [
                0.00082,
                "m"
            ],
            "area": [
                1.0562034501368885e-06,
                "m\u00b2"
            ],
            "length": [
                3,
                "m"
            ]
        },
        "br_1": {
            "diameter": [
                0.0010500000000000002,
                "m"
            ],
            "area": [
                1.7318029502913738e-06,
                "m\u00b2"
            ],
            "length": [
                6,
                "m"
            ]
        },
        "br_2": {
            "diameter": [
                0.00082,
                "m"
            ],
            "area": [
                1.0562034501368885e-06,
                "m\u00b2"
            ],
            "length": [
                3,
                "m"
            ]
        },
        "gd_1": {
            "diameter": [
                0.0010500000000000002,
                "m"
            ],
            "area": [
                1.7318029502913738e-06,
                "m\u00b2"
            ],
            "length": [
                12,
                "m"
            ]
        },
        "gd_2": {
            "diameter": [
                0.00082,
                "m"
            ],
            "area": [
                1.0562034501368885e-06,
                "m\u00b2"
            ],
            "length": [
                3,
                "m"
            ]
        }
    },
    "temp": [
        293.15,
        "\u00b0C"
    ],
    "density": [
        998.204,
        "kg/m\u00b3"
    ],
    "dyn_viscosity": [
        0.001002,
        "N*s/m\u00b2"
    ],
    "kin_viscosity": [
        1.003802829882469e-06,
        "m\u00b2/s"
    ],
    "Re": {
        "main": 54714.5177723007,
        "kc": 92080.52990948166,
        "br_1": 71910.50907216663,
        "br_2": 92080.52990948166,
        "gd_1": 71910.50907216663,
        "gd_2": 92080.52990948166
    }
}