{
    "flow": [
        0.0006066531895777179,
        "m3/s"
    ],
    "pressure": [
        323997.3045822103,
        "Pa"
    ],
    "room_pressure": {
        "kitchen": [
            226927.22371967652,
            "Pa"
        ],
        "bathroom": [
            240214.2857142857,
            "Pa"
        ],
        "garden": [
            104951.48247978436,
            "Pa"
        ]
    },
    "hOhm": "kg/(m^4 * s)",
    "R_total": [
        534073355.499441,
        "hOhm"
    ],
    "pipe_pressure": {
        "kitchen": [
            97070.0808625338,
            "Pa"
        ],
        "bathroom": [
            83783.0188679246,
            "Pa"
        ],
        "garden": [
            219045.82210242597,
            "Pa"
        ]
    },
    "R_pipe": {
        "kitchen": [
            160009182.39645755,
            "hOhm"
        ],
        "bathroom": [
            138106945.29809478,
            "hOhm"
        ],
        "garden": [
            361072563.1474887,
            "hOhm"
        ]
    },
    "R_appliance": {
        "kitchen": [
            374064173.1029835,
            "hOhm"
        ],
        "bathroom": [
            395966410.2013463,
            "hOhm"
        ],
        "garden": [
            173000792.3519523,
            "hOhm"
        ]
    },
    "pipe": {
        "main": {
            "diameter": [
                0.00138,
                "m"
            ],
            "area": [
                2.9914245247482006e-06,
                "m\u00b2"
            ],
            "length": [
                6,
                "m"
            ]
        },
        "kc": {
            "diameter": [
                0.00082,
                "m"
            ],
            "area": [
                1.0562034501368885e-06,
                "m\u00b2"
            ],
            "length": [
                3,
                "m"
            ]
        },
        "br_1": {
            "diameter": [
                0.0010500000000000002,
                "m"
            ],
            "area": [
                1.7318029502913738e-06,
                "m\u00b2"
            ],
            "length": [
                6,
                "m"
            ]
        },
        "br_2": {
            "diameter": [
                0.00082,
                "m"
            ],
            "area": [
                1.0562034501368885e-06,
                "m\u00b2"
            ],
            "length": [
                3,
                "m"
            ]
        },
        "gd_1": {
            "diameter": [
                0.0010500000000000002,
                "m"
            ],
            "area": [
                1.7318029502913738e-06,
                "m\u00b2"
            ],
            "length": [
                12,
                "m"
            ]
        },
        "gd_2": {
            "diameter": [
                0.00082,
                "m"
            ],
            "area": [
                1.0562034501368885e-06,
                "m\u00b2"
            ],
            "length": [
                3,
                "m"
            ]
        }
    },
    "temp": [
        293.15,
        "\u00b0C"
    ],
    "density": [
        998.204,
        "kg/m\u00b3"
    ],
    "dyn_viscosity": [
        0.001002,
        "N*s/m\u00b2"
    ],
    "kin_viscosity": [
        1.003802829882469e-06,
        "m\u00b2/s"
    ],
    "Re": {
        "main": 278800.2161885481,
        "kc": 469200.36382950755,
        "br_1": 366423.14127637737,
        "br_2": 469200.36382950755,
        "gd_1": 366423.14127637737,
        "gd_2": 469200.36382950755
    }
}