{
    "static_room_pressure_loss": {
        "kitchen": [
            7056.890047289986,
            "Pa"
        ],
        "bathroom": [
            8029.440882715899,
            "Pa"
        ],
        "garden": [
            7649.761260590474,
            "Pa"
        ]
    },
    "density": [
        998.204,
        "kg/m3"
    ],
    "gravity": [
        9.82,
        "m/s2"
    ],
    "room_height": {
        "kitchen": [
            0.7199172123816642,
            "m"
        ],
        "bathroom": [
            0.8191331675187515,
            "m"
        ],
        "garden": [
            0.7803996895522601,
            "m"
        ]
    },
    "pipe": {
        "main": {
            "diameter": [
                0.00138,
                "m"
            ],
            "area": [
                2.9914245247482006e-06,
                "m2"
            ]
        },
        "kc": {
            "diameter": [
                0.00082,
                "m"
            ],
            "area": [
                1.0562034501368885e-06,
                "m2"
            ]
        },
        "br_1": {
            "diameter": [
                0.0010500000000000002,
                "m"
            ],
            "area": [
                1.7318029502913738e-06,
                "m2"
            ]
        },
        "br_2": {
            "diameter": [
                0.00082,
                "m"
            ],
            "area": [
                1.0562034501368885e-06,
                "m2"
            ]
        },
        "gd_1": {
            "diameter": [
                0.0010500000000000002,
                "m"
            ],
            "area": [
                1.7318029502913738e-06,
                "m2"
            ]
        },
        "gd_2": {
            "diameter": [
                0.00082,
                "m"
            ],
            "area": [
                1.0562034501368885e-06,
                "m2"
            ]
        }
    },
    "flow": [
        0.0006065008240626286,
        "m3/s"
    ],
    "pressure": [
        324008.65265760204,
        "Pa"
    ],
    "room_pressure": {
        "kitchen": [
            226960.44499381958,
            "Pa"
        ],
        "bathroom": [
            240232.38566131025,
            "Pa"
        ],
        "garden": [
            104982.69468479606,
            "Pa"
        ]
    },
    "temp": [
        293.15,
        "\u00b0C"
    ],
    "dyn_viscosity": [
        0.001002,
        "N*s/m2"
    ],
    "kin_viscosity": [
        1.003802829882469e-06,
        "m2/s"
    ],
    "Re": {
        "main": 278730.19341560896,
        "kc": 469082.5206262687,
        "br_1": 366331.11134622886,
        "br_2": 469082.5206262687,
        "gd_1": 366331.11134622886,
        "gd_2": 469082.5206262687
    },
    "hOhm": "kg/(m^4 * s)",
    "pipe_pressure": {
        "kitchen": [
            97048.20766378246,
            "Pa"
        ],
        "bathroom": [
            83776.26699629179,
            "Pa"
        ],
        "garden": [
            219025.95797280598,
            "Pa"
        ]
    },
    "R_pipe": {
        "kitchen": [
            244645831389.12604,
            "hOhm"
        ],
        "bathroom": [
            205921479321.10266,
            "hOhm"
        ],
        "garden": [
            574636606621.4172,
            "hOhm"
        ]
    },
    "R_appliance": {
        "kitchen": [
            617003153510.7014,
            "hOhm"
        ],
        "bathroom": [
            653083578208.8098,
            "hOhm"
        ],
        "garden": [
            285400628670.49023,
            "hOhm"
        ]
    },
    "R_total": {
        "kitchen": [
            861648984899.8274,
            "hOhm"
        ],
        "bathroom": [
            859005057529.9125,
            "hOhm"
        ],
        "garden": [
            860037235291.9075,
            "hOhm"
        ]
    }
}