,FT0101[l/m],PT0102[Bar],PT0201[Bar],PT0202[Bar],PT0203[Bar],outlet_pressure[Bar],PT0106
count,809.0,809.0,809.0,809.0,809.0,809.0,809.0
mean,36.39004944375772,3.2400865265760204,2.2696044499381953,2.4023238566131027,1.0498269468479606,3.375449938195303,3.2136464771322624
std,0.14501108707292476,0.008029489517120156,0.013880386474748953,0.011259272832296418,0.010645954732978486,0.007400179160336995,0.006365797809953777
min,36.0,3.23,2.23,2.37,1.02,3.359,3.2
25%,36.27,3.23,2.26,2.39,1.04,3.37,3.21
50%,36.4,3.24,2.27,2.4,1.05,3.375,3.21
75%,36.5,3.24,2.28,2.41,1.06,3.379,3.22
max,36.73,3.27,2.31,2.44,1.08,3.4,3.23
