{
    "flow": [
        9.10672514619883e-05,
        "m3/s"
    ],
    "pressure": [
        339191.5204678363,
        "Pa"
    ],
    "room_pressure": {
        "kitchen": [
            329963.45029239764,
            "Pa"
        ],
        "bathroom": [
            322241.2280701754,
            "Pa"
        ],
        "garden": [
            329527.77777777775,
            "Pa"
        ]
    },
    "hOhm": "kg/(m^4 * s)",
    "R_total": [
        3724626745.8661103,
        "hOhm"
    ],
    "pipe_pressure": {
        "kitchen": [
            9228.070175438654,
            "Pa"
        ],
        "bathroom": [
            16950.2923976609,
            "Pa"
        ],
        "garden": [
            9663.742690058541,
            "Pa"
        ]
    },
    "R_pipe": {
        "kitchen": [
            101332477.12313436,
            "hOhm"
        ],
        "bathroom": [
            186129394.76641607,
            "hOhm"
        ],
        "garden": [
            106116551.61342177,
            "hOhm"
        ]
    },
    "R_appliance": {
        "kitchen": [
            3623294268.742976,
            "hOhm"
        ],
        "bathroom": [
            3538497351.0996943,
            "hOhm"
        ],
        "garden": [
            3618510194.2526884,
            "hOhm"
        ]
    },
    "pipe": {
        "main": {
            "diameter": [
                0.00138,
                "m"
            ],
            "area": [
                2.9914245247482006e-06,
                "m\u00b2"
            ],
            "length": [
                6,
                "m"
            ]
        },
        "kc": {
            "diameter": [
                0.00082,
                "m"
            ],
            "area": [
                1.0562034501368885e-06,
                "m\u00b2"
            ],
            "length": [
                3,
                "m"
            ]
        },
        "br_1": {
            "diameter": [
                0.0010500000000000002,
                "m"
            ],
            "area": [
                1.7318029502913738e-06,
                "m\u00b2"
            ],
            "length": [
                6,
                "m"
            ]
        },
        "br_2": {
            "diameter": [
                0.00082,
                "m"
            ],
            "area": [
                1.0562034501368885e-06,
                "m\u00b2"
            ],
            "length": [
                3,
                "m"
            ]
        },
        "gd_1": {
            "diameter": [
                0.0010500000000000002,
                "m"
            ],
            "area": [
                1.7318029502913738e-06,
                "m\u00b2"
            ],
            "length": [
                12,
                "m"
            ]
        },
        "gd_2": {
            "diameter": [
                0.00082,
                "m"
            ],
            "area": [
                1.0562034501368885e-06,
                "m\u00b2"
            ],
            "length": [
                3,
                "m"
            ]
        }
    },
    "temp": [
        293.15,
        "\u00b0C"
    ],
    "density": [
        998.204,
        "kg/m\u00b3"
    ],
    "dyn_viscosity": [
        0.001002,
        "N*s/m\u00b2"
    ],
    "kin_viscosity": [
        1.003802829882469e-06,
        "m\u00b2/s"
    ],
    "Re": {
        "main": 41851.86830217196,
        "kc": 70433.6320207284,
        "br_1": 55005.31262571171,
        "br_2": 70433.6320207284,
        "gd_1": 55005.31262571171,
        "gd_2": 70433.6320207284
    }
}