{
    "static_room_pressure_loss": {
        "kitchen": [
            7056.890047289986,
            "Pa"
        ],
        "bathroom": [
            8029.440882715899,
            "Pa"
        ],
        "garden": [
            7649.761260590474,
            "Pa"
        ]
    },
    "density": [
        998.204,
        "kg/m3"
    ],
    "gravity": [
        9.82,
        "m/s2"
    ],
    "room_height": {
        "kitchen": [
            0.7199172123816642,
            "m"
        ],
        "bathroom": [
            0.8191331675187515,
            "m"
        ],
        "garden": [
            0.7803996895522601,
            "m"
        ]
    },
    "pipe": {
        "main": {
            "diameter": [
                0.00138,
                "m"
            ],
            "area": [
                2.9914245247482006e-06,
                "m2"
            ]
        },
        "kc": {
            "diameter": [
                0.00082,
                "m"
            ],
            "area": [
                1.0562034501368885e-06,
                "m2"
            ]
        },
        "br_1": {
            "diameter": [
                0.0010500000000000002,
                "m"
            ],
            "area": [
                1.7318029502913738e-06,
                "m2"
            ]
        },
        "br_2": {
            "diameter": [
                0.00082,
                "m"
            ],
            "area": [
                1.0562034501368885e-06,
                "m2"
            ]
        },
        "gd_1": {
            "diameter": [
                0.0010500000000000002,
                "m"
            ],
            "area": [
                1.7318029502913738e-06,
                "m2"
            ]
        },
        "gd_2": {
            "diameter": [
                0.00082,
                "m"
            ],
            "area": [
                1.0562034501368885e-06,
                "m2"
            ]
        }
    },
    "flow": [
        9.10672514619883e-05,
        "m3/s"
    ],
    "pressure": [
        339191.5204678363,
        "Pa"
    ],
    "room_pressure": {
        "kitchen": [
            329963.45029239764,
            "Pa"
        ],
        "bathroom": [
            322241.2280701754,
            "Pa"
        ],
        "garden": [
            329527.77777777775,
            "Pa"
        ]
    },
    "temp": [
        293.15,
        "\u00b0C"
    ],
    "dyn_viscosity": [
        0.001002,
        "N*s/m2"
    ],
    "kin_viscosity": [
        1.003802829882469e-06,
        "m2/s"
    ],
    "Re": {
        "main": 41851.86830217196,
        "kc": 70433.6320207284,
        "br_1": 55005.31262571171,
        "br_2": 70433.6320207284,
        "gd_1": 55005.31262571171,
        "gd_2": 70433.6320207284
    },
    "hOhm": "kg/(m^4 * s)",
    "pipe_pressure": {
        "kitchen": [
            9228.070175438654,
            "Pa"
        ],
        "bathroom": [
            16950.2923976609,
            "Pa"
        ],
        "garden": [
            9663.742690058541,
            "Pa"
        ]
    },
    "R_pipe": {
        "kitchen": [
            261801057888.78098,
            "hOhm"
        ],
        "bathroom": [
            1075676925006.1124,
            "hOhm"
        ],
        "garden": [
            242846027359.6406,
            "hOhm"
        ]
    },
    "R_appliance": {
        "kitchen": [
            39787016853751.734,
            "hOhm"
        ],
        "bathroom": [
            38855870736108.375,
            "hOhm"
        ],
        "garden": [
            39734483430226.984,
            "hOhm"
        ]
    },
    "R_total": {
        "kitchen": [
            40048817911640.516,
            "hOhm"
        ],
        "bathroom": [
            39931547661114.484,
            "hOhm"
        ],
        "garden": [
            39977329457586.625,
            "hOhm"
        ]
    }
}