,FT0101[l/m],PT0102[Bar],PT0201[Bar],PT0202[Bar],PT0203[Bar],outlet_pressure[Bar],PT0106
count,684.0,684.0,684.0,684.0,684.0,684.0,684.0
mean,5.464035087719298,3.3919152046783627,3.2996345029239764,3.2224122807017537,3.2952777777777773,3.4998070175438594,3.4073538011695907
std,0.04447947126949648,0.005801888150196114,0.006380862874748664,0.007509850714116993,0.006934880350741096,0.004371564966619872,0.004414534114154758
min,5.33,3.37,3.28,3.2,3.27,3.489,3.4
25%,5.44,3.39,3.3,3.22,3.29,3.498,3.4
50%,5.47,3.39,3.3,3.22,3.3,3.5,3.41
75%,5.49,3.4,3.3,3.23,3.3,3.503,3.41
max,5.56,3.4,3.31,3.24,3.31,3.507,3.41
