{
    "static_room_pressure_loss": {
        "kitchen": [
            7056.890047289986,
            "Pa"
        ],
        "bathroom": [
            8029.440882715899,
            "Pa"
        ],
        "garden": [
            7649.761260590474,
            "Pa"
        ]
    },
    "density": [
        998.204,
        "kg/m3"
    ],
    "gravity": [
        9.82,
        "m/s2"
    ],
    "room_height": {
        "kitchen": [
            0.7199172123816642,
            "m"
        ],
        "bathroom": [
            0.8191331675187515,
            "m"
        ],
        "garden": [
            0.7803996895522601,
            "m"
        ]
    },
    "pipe": {
        "main": {
            "diameter": [
                0.00138,
                "m"
            ],
            "area": [
                2.9914245247482006e-06,
                "m2"
            ]
        },
        "kc": {
            "diameter": [
                0.00082,
                "m"
            ],
            "area": [
                1.0562034501368885e-06,
                "m2"
            ]
        },
        "br_1": {
            "diameter": [
                0.0010500000000000002,
                "m"
            ],
            "area": [
                1.7318029502913738e-06,
                "m2"
            ]
        },
        "br_2": {
            "diameter": [
                0.00082,
                "m"
            ],
            "area": [
                1.0562034501368885e-06,
                "m2"
            ]
        },
        "gd_1": {
            "diameter": [
                0.0010500000000000002,
                "m"
            ],
            "area": [
                1.7318029502913738e-06,
                "m2"
            ]
        },
        "gd_2": {
            "diameter": [
                0.00082,
                "m"
            ],
            "area": [
                1.0562034501368885e-06,
                "m2"
            ]
        }
    },
    "flow": [
        4.187597310686484e-05,
        "m3/s"
    ],
    "pressure": [
        387669.85138004244,
        "Pa"
    ],
    "room_pressure": {
        "kitchen": [
            379959.6602972399,
            "Pa"
        ],
        "bathroom": [
            377365.1804670913,
            "Pa"
        ],
        "garden": [
            379566.8789808917,
            "Pa"
        ]
    },
    "temp": [
        293.15,
        "\u00b0C"
    ],
    "dyn_viscosity": [
        0.001002,
        "N*s/m2"
    ],
    "kin_viscosity": [
        1.003802829882469e-06,
        "m2/s"
    ],
    "Re": {
        "main": 19244.983057661913,
        "kc": 32387.898316552968,
        "br_1": 25293.40630435565,
        "br_2": 32387.898316552968,
        "gd_1": 25293.40630435565,
        "gd_2": 32387.898316552968
    },
    "hOhm": "kg/(m^4 * s)",
    "pipe_pressure": {
        "kitchen": [
            7710.191082802543,
            "Pa"
        ],
        "bathroom": [
            10304.670912951115,
            "Pa"
        ],
        "garden": [
            8102.97239915072,
            "Pa"
        ]
    },
    "R_pipe": {
        "kitchen": [
            372549103042.505,
            "hOhm"
        ],
        "bathroom": [
            1297464508554.585,
            "hOhm"
        ],
        "garden": [
            258446556765.40198,
            "hOhm"
        ]
    },
    "R_appliance": {
        "kitchen": [
            216674431757196.9,
            "hOhm"
        ],
        "bathroom": [
            215194913003908.25,
            "hOhm"
        ],
        "garden": [
            216450445693892.2,
            "hOhm"
        ]
    },
    "R_total": {
        "kitchen": [
            217046980860239.4,
            "hOhm"
        ],
        "bathroom": [
            216492377512462.84,
            "hOhm"
        ],
        "garden": [
            216708892250657.6,
            "hOhm"
        ]
    }
}