{
    "flow": [
        4.187597310686484e-05,
        "m3/s"
    ],
    "pressure": [
        387669.85138004244,
        "Pa"
    ],
    "room_pressure": {
        "kitchen": [
            379959.6602972399,
            "Pa"
        ],
        "bathroom": [
            377365.1804670913,
            "Pa"
        ],
        "garden": [
            379566.8789808917,
            "Pa"
        ]
    },
    "hOhm": "kg/(m^4 * s)",
    "R_total": [
        9257572364.724121,
        "hOhm"
    ],
    "pipe_pressure": {
        "kitchen": [
            7710.191082802543,
            "Pa"
        ],
        "bathroom": [
            10304.670912951115,
            "Pa"
        ],
        "garden": [
            8102.97239915072,
            "Pa"
        ]
    },
    "R_pipe": {
        "kitchen": [
            184119687.51452348,
            "hOhm"
        ],
        "bathroom": [
            246075975.0383411,
            "hOhm"
        ],
        "garden": [
            193499321.8777853,
            "hOhm"
        ]
    },
    "R_appliance": {
        "kitchen": [
            9073452677.209599,
            "hOhm"
        ],
        "bathroom": [
            9011496389.68578,
            "hOhm"
        ],
        "garden": [
            9064073042.846336,
            "hOhm"
        ]
    }
}