{
    "flow": [
        4.187597310686484e-05,
        "m3/s"
    ],
    "pressure": [
        387669.85138004244,
        "Pa"
    ],
    "room_pressure": {
        "kitchen": [
            379959.6602972399,
            "Pa"
        ],
        "bathroom": [
            377365.1804670913,
            "Pa"
        ],
        "garden": [
            379566.8789808917,
            "Pa"
        ]
    },
    "hOhm": "kg/(m^4 * s)",
    "R_total": [
        9257572364.724121,
        "hOhm"
    ],
    "pipe_pressure": {
        "kitchen": [
            7710.191082802543,
            "Pa"
        ],
        "bathroom": [
            10304.670912951115,
            "Pa"
        ],
        "garden": [
            8102.97239915072,
            "Pa"
        ]
    },
    "R_pipe": {
        "kitchen": [
            184119687.51452348,
            "hOhm"
        ],
        "bathroom": [
            246075975.0383411,
            "hOhm"
        ],
        "garden": [
            193499321.8777853,
            "hOhm"
        ]
    },
    "R_appliance": {
        "kitchen": [
            9073452677.209599,
            "hOhm"
        ],
        "bathroom": [
            9011496389.68578,
            "hOhm"
        ],
        "garden": [
            9064073042.846336,
            "hOhm"
        ]
    },
    "pipe": {
        "main": {
            "diameter": [
                0.00138,
                "m"
            ],
            "area": [
                2.9914245247482006e-06,
                "m\u00b2"
            ],
            "length": [
                6,
                "m"
            ]
        },
        "kc": {
            "diameter": [
                0.00082,
                "m"
            ],
            "area": [
                1.0562034501368885e-06,
                "m\u00b2"
            ],
            "length": [
                3,
                "m"
            ]
        },
        "br_1": {
            "diameter": [
                0.0010500000000000002,
                "m"
            ],
            "area": [
                1.7318029502913738e-06,
                "m\u00b2"
            ],
            "length": [
                6,
                "m"
            ]
        },
        "br_2": {
            "diameter": [
                0.00082,
                "m"
            ],
            "area": [
                1.0562034501368885e-06,
                "m\u00b2"
            ],
            "length": [
                3,
                "m"
            ]
        },
        "gd_1": {
            "diameter": [
                0.0010500000000000002,
                "m"
            ],
            "area": [
                1.7318029502913738e-06,
                "m\u00b2"
            ],
            "length": [
                12,
                "m"
            ]
        },
        "gd_2": {
            "diameter": [
                0.00082,
                "m"
            ],
            "area": [
                1.0562034501368885e-06,
                "m\u00b2"
            ],
            "length": [
                3,
                "m"
            ]
        }
    },
    "temp": [
        293.15,
        "\u00b0C"
    ],
    "density": [
        998.204,
        "kg/m\u00b3"
    ],
    "dyn_viscosity": [
        0.001002,
        "N*s/m\u00b2"
    ],
    "kin_viscosity": [
        1.003802829882469e-06,
        "m\u00b2/s"
    ],
    "Re": {
        "main": 19244.983057661913,
        "kc": 32387.898316552968,
        "br_1": 25293.40630435565,
        "br_2": 32387.898316552968,
        "gd_1": 25293.40630435565,
        "gd_2": 32387.898316552968
    }
}