{
    "flow": [
        0.0003223254156769597,
        "m3/s"
    ],
    "pressure": [
        386938.242280285,
        "Pa"
    ],
    "room_pressure": {
        "kitchen": [
            330878.85985748214,
            "Pa"
        ],
        "bathroom": [
            355650.83135391923,
            "Pa"
        ],
        "garden": [
            356016.6270783848,
            "Pa"
        ]
    },
    "hOhm": "kg/(m^4 * s)",
    "R_total": [
        1200458367.416119,
        "hOhm"
    ],
    "pipe_pressure": {
        "kitchen": [
            56059.38242280285,
            "Pa"
        ],
        "bathroom": [
            31287.41092636576,
            "Pa"
        ],
        "garden": [
            30921.61520190019,
            "Pa"
        ]
    },
    "R_pipe": {
        "kitchen": [
            173921694.33820438,
            "hOhm"
        ],
        "bathroom": [
            97067775.00202641,
            "hOhm"
        ],
        "garden": [
            95932910.33832215,
            "hOhm"
        ]
    },
    "R_appliance": {
        "kitchen": [
            1026536673.0779147,
            "hOhm"
        ],
        "bathroom": [
            1103390592.4140928,
            "hOhm"
        ],
        "garden": [
            1104525457.077797,
            "hOhm"
        ]
    }
}