{
    "static_room_pressure_loss": {
        "kitchen": [
            7056.890047289986,
            "Pa"
        ],
        "bathroom": [
            8029.440882715899,
            "Pa"
        ],
        "garden": [
            7649.761260590474,
            "Pa"
        ]
    },
    "density": [
        998.204,
        "kg/m3"
    ],
    "gravity": [
        9.82,
        "m/s2"
    ],
    "room_height": {
        "kitchen": [
            0.7199172123816642,
            "m"
        ],
        "bathroom": [
            0.8191331675187515,
            "m"
        ],
        "garden": [
            0.7803996895522601,
            "m"
        ]
    },
    "pipe": {
        "main": {
            "diameter": [
                0.00138,
                "m"
            ],
            "area": [
                2.9914245247482006e-06,
                "m2"
            ]
        },
        "kc": {
            "diameter": [
                0.00082,
                "m"
            ],
            "area": [
                1.0562034501368885e-06,
                "m2"
            ]
        },
        "br_1": {
            "diameter": [
                0.0010500000000000002,
                "m"
            ],
            "area": [
                1.7318029502913738e-06,
                "m2"
            ]
        },
        "br_2": {
            "diameter": [
                0.00082,
                "m"
            ],
            "area": [
                1.0562034501368885e-06,
                "m2"
            ]
        },
        "gd_1": {
            "diameter": [
                0.0010500000000000002,
                "m"
            ],
            "area": [
                1.7318029502913738e-06,
                "m2"
            ]
        },
        "gd_2": {
            "diameter": [
                0.00082,
                "m"
            ],
            "area": [
                1.0562034501368885e-06,
                "m2"
            ]
        }
    },
    "flow": [
        0.0003223254156769597,
        "m3/s"
    ],
    "pressure": [
        386938.242280285,
        "Pa"
    ],
    "room_pressure": {
        "kitchen": [
            330878.85985748214,
            "Pa"
        ],
        "bathroom": [
            355650.83135391923,
            "Pa"
        ],
        "garden": [
            356016.6270783848,
            "Pa"
        ]
    },
    "temp": [
        293.15,
        "\u00b0C"
    ],
    "dyn_viscosity": [
        0.001002,
        "N*s/m2"
    ],
    "kin_viscosity": [
        1.003802829882469e-06,
        "m2/s"
    ],
    "Re": {
        "main": 148131.41530889046,
        "kc": 249294.3330808156,
        "br_1": 194687.00297739884,
        "br_2": 249294.3330808156,
        "gd_1": 194687.00297739884,
        "gd_2": 249294.3330808156
    },
    "hOhm": "kg/(m^4 * s)",
    "pipe_pressure": {
        "kitchen": [
            56059.38242280285,
            "Pa"
        ],
        "bathroom": [
            31287.41092636576,
            "Pa"
        ],
        "garden": [
            30921.61520190019,
            "Pa"
        ]
    },
    "R_pipe": {
        "kitchen": [
            471660022036.2656,
            "hOhm"
        ],
        "bathroom": [
            223863198207.2093,
            "hOhm"
        ],
        "garden": [
            223996833848.148,
            "hOhm"
        ]
    },
    "R_appliance": {
        "kitchen": [
            3184783523576.4595,
            "hOhm"
        ],
        "bathroom": [
            3423219326644.507,
            "hOhm"
        ],
        "garden": [
            3426740192851.4756,
            "hOhm"
        ]
    },
    "R_total": {
        "kitchen": [
            3656443545612.725,
            "hOhm"
        ],
        "bathroom": [
            3647082524851.7163,
            "hOhm"
        ],
        "garden": [
            3650737026699.6235,
            "hOhm"
        ]
    }
}