{
    "flow": [
        0.0003223254156769597,
        "m3/s"
    ],
    "pressure": [
        386938.242280285,
        "Pa"
    ],
    "room_pressure": {
        "kitchen": [
            330878.85985748214,
            "Pa"
        ],
        "bathroom": [
            355650.83135391923,
            "Pa"
        ],
        "garden": [
            356016.6270783848,
            "Pa"
        ]
    },
    "hOhm": "kg/(m^4 * s)",
    "R_total": [
        1200458367.416119,
        "hOhm"
    ],
    "pipe_pressure": {
        "kitchen": [
            56059.38242280285,
            "Pa"
        ],
        "bathroom": [
            31287.41092636576,
            "Pa"
        ],
        "garden": [
            30921.61520190019,
            "Pa"
        ]
    },
    "R_pipe": {
        "kitchen": [
            173921694.33820438,
            "hOhm"
        ],
        "bathroom": [
            97067775.00202641,
            "hOhm"
        ],
        "garden": [
            95932910.33832215,
            "hOhm"
        ]
    },
    "R_appliance": {
        "kitchen": [
            1026536673.0779147,
            "hOhm"
        ],
        "bathroom": [
            1103390592.4140928,
            "hOhm"
        ],
        "garden": [
            1104525457.077797,
            "hOhm"
        ]
    },
    "pipe": {
        "main": {
            "diameter": [
                0.00138,
                "m"
            ],
            "area": [
                2.9914245247482006e-06,
                "m\u00b2"
            ],
            "length": [
                6,
                "m"
            ]
        },
        "kc": {
            "diameter": [
                0.00082,
                "m"
            ],
            "area": [
                1.0562034501368885e-06,
                "m\u00b2"
            ],
            "length": [
                3,
                "m"
            ]
        },
        "br_1": {
            "diameter": [
                0.0010500000000000002,
                "m"
            ],
            "area": [
                1.7318029502913738e-06,
                "m\u00b2"
            ],
            "length": [
                6,
                "m"
            ]
        },
        "br_2": {
            "diameter": [
                0.00082,
                "m"
            ],
            "area": [
                1.0562034501368885e-06,
                "m\u00b2"
            ],
            "length": [
                3,
                "m"
            ]
        },
        "gd_1": {
            "diameter": [
                0.0010500000000000002,
                "m"
            ],
            "area": [
                1.7318029502913738e-06,
                "m\u00b2"
            ],
            "length": [
                12,
                "m"
            ]
        },
        "gd_2": {
            "diameter": [
                0.00082,
                "m"
            ],
            "area": [
                1.0562034501368885e-06,
                "m\u00b2"
            ],
            "length": [
                3,
                "m"
            ]
        }
    },
    "temp": [
        293.15,
        "\u00b0C"
    ],
    "density": [
        998.204,
        "kg/m\u00b3"
    ],
    "dyn_viscosity": [
        0.001002,
        "N*s/m\u00b2"
    ],
    "kin_viscosity": [
        1.003802829882469e-06,
        "m\u00b2/s"
    ],
    "Re": {
        "main": 148131.41530889046,
        "kc": 249294.3330808156,
        "br_1": 194687.00297739884,
        "br_2": 249294.3330808156,
        "gd_1": 194687.00297739884,
        "gd_2": 249294.3330808156
    }
}