{
    "pressure": [
        374000.0000000002,
        "Pa"
    ],
    "room_pressure": {
        "kitchen": [
            366996.2686567165,
            "Pa"
        ],
        "bathroom": [
            366000.0,
            "Pa"
        ],
        "garden": [
            366026.1194029851,
            "Pa"
        ]
    },
    "room_pressure_diff": {
        "kitchen": [
            7003.731343283667,
            "Pa"
        ],
        "bathroom": [
            8000.000000000175,
            "Pa"
        ],
        "garden": [
            7973.880597015086,
            "Pa"
        ]
    }
}