{
    "pressure": [
        416000.0,
        "Pa"
    ],
    "room_pressure": {
        "kitchen": [
            409000.0,
            "Pa"
        ],
        "bathroom": [
            407999.99999999994,
            "Pa"
        ],
        "garden": [
            408666.6666666666,
            "Pa"
        ]
    },
    "room_pressure_diff": {
        "kitchen": [
            7000.0,
            "Pa"
        ],
        "bathroom": [
            8000.000000000058,
            "Pa"
        ],
        "garden": [
            7333.333333333372,
            "Pa"
        ]
    }
}