{
    "pressure": [
        341000.0,
        "Pa"
    ],
    "room_pressure": {
        "kitchen": [
            334000.00000000006,
            "Pa"
        ],
        "bathroom": [
            332999.99999999994,
            "Pa"
        ],
        "garden": [
            333304.63576158934,
            "Pa"
        ]
    },
    "room_pressure_diff": {
        "kitchen": [
            6999.999999999942,
            "Pa"
        ],
        "bathroom": [
            8000.000000000058,
            "Pa"
        ],
        "garden": [
            7695.364238410664,
            "Pa"
        ]
    }
}