{
    "flow": [
        9.963647490820074e-05,
        "m3/s"
    ],
    "pressure": [
        387651.1627906977,
        "Pa"
    ],
    "room_pressure": {
        "kitchen": [
            377951.0403916769,
            "Pa"
        ],
        "bathroom": [
            368946.1444308446,
            "Pa"
        ],
        "garden": [
            377462.66829865356,
            "Pa"
        ]
    },
    "hOhm": "kg/(m^4 * s)",
    "R_total": [
        3890655135.5601144,
        "hOhm"
    ],
    "pipe_pressure": {
        "kitchen": [
            9700.122399020824,
            "Pa"
        ],
        "bathroom": [
            18705.01835985313,
            "Pa"
        ],
        "garden": [
            10188.494492044149,
            "Pa"
        ]
    },
    "R_pipe": {
        "kitchen": [
            97355134.33165869,
            "hOhm"
        ],
        "bathroom": [
            187732638.84623423,
            "hOhm"
        ],
        "garden": [
            102256673.58696938,
            "hOhm"
        ]
    },
    "R_appliance": {
        "kitchen": [
            3793300001.2284555,
            "hOhm"
        ],
        "bathroom": [
            3702922496.71388,
            "hOhm"
        ],
        "garden": [
            3788398461.973145,
            "hOhm"
        ]
    }
}