{
    "flow": [
        9.963647490820074e-05,
        "m3/s"
    ],
    "pressure": [
        387651.1627906977,
        "Pa"
    ],
    "room_pressure": {
        "kitchen": [
            377951.0403916769,
            "Pa"
        ],
        "bathroom": [
            368946.1444308446,
            "Pa"
        ],
        "garden": [
            377462.66829865356,
            "Pa"
        ]
    },
    "hOhm": "kg/(m^4 * s)",
    "R_total": [
        3890655135.5601144,
        "hOhm"
    ],
    "pipe_pressure": {
        "kitchen": [
            9700.122399020824,
            "Pa"
        ],
        "bathroom": [
            18705.01835985313,
            "Pa"
        ],
        "garden": [
            10188.494492044149,
            "Pa"
        ]
    },
    "R_pipe": {
        "kitchen": [
            97355134.33165869,
            "hOhm"
        ],
        "bathroom": [
            187732638.84623423,
            "hOhm"
        ],
        "garden": [
            102256673.58696938,
            "hOhm"
        ]
    },
    "R_appliance": {
        "kitchen": [
            3793300001.2284555,
            "hOhm"
        ],
        "bathroom": [
            3702922496.71388,
            "hOhm"
        ],
        "garden": [
            3788398461.973145,
            "hOhm"
        ]
    },
    "pipe": {
        "main": {
            "diameter": [
                0.00138,
                "m"
            ],
            "area": [
                2.9914245247482006e-06,
                "m\u00b2"
            ],
            "length": [
                6,
                "m"
            ]
        },
        "kc": {
            "diameter": [
                0.00082,
                "m"
            ],
            "area": [
                1.0562034501368885e-06,
                "m\u00b2"
            ],
            "length": [
                3,
                "m"
            ]
        },
        "br_1": {
            "diameter": [
                0.0010500000000000002,
                "m"
            ],
            "area": [
                1.7318029502913738e-06,
                "m\u00b2"
            ],
            "length": [
                6,
                "m"
            ]
        },
        "br_2": {
            "diameter": [
                0.00082,
                "m"
            ],
            "area": [
                1.0562034501368885e-06,
                "m\u00b2"
            ],
            "length": [
                3,
                "m"
            ]
        },
        "gd_1": {
            "diameter": [
                0.0010500000000000002,
                "m"
            ],
            "area": [
                1.7318029502913738e-06,
                "m\u00b2"
            ],
            "length": [
                12,
                "m"
            ]
        },
        "gd_2": {
            "diameter": [
                0.00082,
                "m"
            ],
            "area": [
                1.0562034501368885e-06,
                "m\u00b2"
            ],
            "length": [
                3,
                "m"
            ]
        }
    },
    "temp": [
        293.15,
        "\u00b0C"
    ],
    "density": [
        998.204,
        "kg/m\u00b3"
    ],
    "dyn_viscosity": [
        0.001002,
        "N*s/m\u00b2"
    ],
    "kin_viscosity": [
        1.003802829882469e-06,
        "m\u00b2/s"
    ],
    "Re": {
        "main": 45790.03493578847,
        "kc": 77061.27830657084,
        "br_1": 60181.18877275056,
        "br_2": 77061.27830657084,
        "gd_1": 60181.18877275056,
        "gd_2": 77061.27830657084
    }
}