{
    "static_room_pressure_loss": {
        "kitchen": [
            7056.890047289986,
            "Pa"
        ],
        "bathroom": [
            8029.440882715899,
            "Pa"
        ],
        "garden": [
            7649.761260590474,
            "Pa"
        ]
    },
    "density": [
        998.204,
        "kg/m3"
    ],
    "gravity": [
        9.82,
        "m/s2"
    ],
    "room_height": {
        "kitchen": [
            0.7199172123816642,
            "m"
        ],
        "bathroom": [
            0.8191331675187515,
            "m"
        ],
        "garden": [
            0.7803996895522601,
            "m"
        ]
    },
    "pipe": {
        "main": {
            "diameter": [
                0.00138,
                "m"
            ],
            "area": [
                2.9914245247482006e-06,
                "m2"
            ]
        },
        "kc": {
            "diameter": [
                0.00082,
                "m"
            ],
            "area": [
                1.0562034501368885e-06,
                "m2"
            ]
        },
        "br_1": {
            "diameter": [
                0.0010500000000000002,
                "m"
            ],
            "area": [
                1.7318029502913738e-06,
                "m2"
            ]
        },
        "br_2": {
            "diameter": [
                0.00082,
                "m"
            ],
            "area": [
                1.0562034501368885e-06,
                "m2"
            ]
        },
        "gd_1": {
            "diameter": [
                0.0010500000000000002,
                "m"
            ],
            "area": [
                1.7318029502913738e-06,
                "m2"
            ]
        },
        "gd_2": {
            "diameter": [
                0.00082,
                "m"
            ],
            "area": [
                1.0562034501368885e-06,
                "m2"
            ]
        }
    },
    "flow": [
        9.963647490820074e-05,
        "m3/s"
    ],
    "pressure": [
        387651.1627906977,
        "Pa"
    ],
    "room_pressure": {
        "kitchen": [
            377951.0403916769,
            "Pa"
        ],
        "bathroom": [
            368946.1444308446,
            "Pa"
        ],
        "garden": [
            377462.66829865356,
            "Pa"
        ]
    },
    "temp": [
        293.15,
        "\u00b0C"
    ],
    "dyn_viscosity": [
        0.001002,
        "N*s/m2"
    ],
    "kin_viscosity": [
        1.003802829882469e-06,
        "m2/s"
    ],
    "Re": {
        "main": 45790.03493578847,
        "kc": 77061.27830657084,
        "br_1": 60181.18877275056,
        "br_2": 77061.27830657084,
        "gd_1": 60181.18877275056,
        "gd_2": 77061.27830657084
    },
    "hOhm": "kg/(m^4 * s)",
    "pipe_pressure": {
        "kitchen": [
            9700.122399020824,
            "Pa"
        ],
        "bathroom": [
            18705.01835985313,
            "Pa"
        ],
        "garden": [
            10188.494492044149,
            "Pa"
        ]
    },
    "R_pipe": {
        "kitchen": [
            266255527897.5937,
            "hOhm"
        ],
        "bathroom": [
            1075361957841.3368,
            "hOhm"
        ],
        "garden": [
            255729223459.76743,
            "hOhm"
        ]
    },
    "R_appliance": {
        "kitchen": [
            38071399100815.055,
            "hOhm"
        ],
        "bathroom": [
            37164326619599.27,
            "hOhm"
        ],
        "garden": [
            38022204874907.055,
            "hOhm"
        ]
    },
    "R_total": {
        "kitchen": [
            38337654628712.65,
            "hOhm"
        ],
        "bathroom": [
            38239688577440.61,
            "hOhm"
        ],
        "garden": [
            38277934098366.82,
            "hOhm"
        ]
    }
}