{
    "static_room_pressure_loss": {
        "kitchen": [
            7056.890047289986,
            "Pa"
        ],
        "bathroom": [
            8029.440882715899,
            "Pa"
        ],
        "garden": [
            7649.761260590474,
            "Pa"
        ]
    },
    "density": [
        998.204,
        "kg/m3"
    ],
    "gravity": [
        9.82,
        "m/s2"
    ],
    "room_height": {
        "kitchen": [
            0.7199172123816642,
            "m"
        ],
        "bathroom": [
            0.8191331675187515,
            "m"
        ],
        "garden": [
            0.7803996895522601,
            "m"
        ]
    },
    "pipe": {
        "main": {
            "diameter": [
                0.00138,
                "m"
            ],
            "area": [
                2.9914245247482006e-06,
                "m2"
            ]
        },
        "kc": {
            "diameter": [
                0.00082,
                "m"
            ],
            "area": [
                1.0562034501368885e-06,
                "m2"
            ]
        },
        "br_1": {
            "diameter": [
                0.0010500000000000002,
                "m"
            ],
            "area": [
                1.7318029502913738e-06,
                "m2"
            ]
        },
        "br_2": {
            "diameter": [
                0.00082,
                "m"
            ],
            "area": [
                1.0562034501368885e-06,
                "m2"
            ]
        },
        "gd_1": {
            "diameter": [
                0.0010500000000000002,
                "m"
            ],
            "area": [
                1.7318029502913738e-06,
                "m2"
            ]
        },
        "gd_2": {
            "diameter": [
                0.00082,
                "m"
            ],
            "area": [
                1.0562034501368885e-06,
                "m2"
            ]
        }
    },
    "flow": [
        0.00012320788043478263,
        "m3/s"
    ],
    "pressure": [
        339377.7173913043,
        "Pa"
    ],
    "room_pressure": {
        "kitchen": [
            328426.6304347826,
            "Pa"
        ],
        "bathroom": [
            315355.9782608696,
            "Pa"
        ],
        "garden": [
            327967.39130434784,
            "Pa"
        ]
    },
    "temp": [
        293.15,
        "\u00b0C"
    ],
    "dyn_viscosity": [
        0.001002,
        "N*s/m2"
    ],
    "kin_viscosity": [
        1.003802829882469e-06,
        "m2/s"
    ],
    "Re": {
        "main": 56622.769469424464,
        "kc": 95291.97788756799,
        "br_1": 74418.49701695786,
        "br_2": 95291.97788756799,
        "gd_1": 74418.49701695786,
        "gd_2": 95291.97788756799
    },
    "hOhm": "kg/(m^4 * s)",
    "pipe_pressure": {
        "kitchen": [
            10951.086956521729,
            "Pa"
        ],
        "bathroom": [
            24021.739130434697,
            "Pa"
        ],
        "garden": [
            11410.326086956484,
            "Pa"
        ]
    },
    "R_pipe": {
        "kitchen": [
            256531638436.35754,
            "hOhm"
        ],
        "bathroom": [
            1053498466429.5135,
            "hOhm"
        ],
        "garden": [
            247728576350.83688,
            "hOhm"
        ]
    },
    "R_appliance": {
        "kitchen": [
            21635223789489.445,
            "hOhm"
        ],
        "bathroom": [
            20774189821315.727,
            "hOhm"
        ],
        "garden": [
            21604971244661.72,
            "hOhm"
        ]
    },
    "R_total": {
        "kitchen": [
            21891755427925.805,
            "hOhm"
        ],
        "bathroom": [
            21827688287745.24,
            "hOhm"
        ],
        "garden": [
            21852699821012.555,
            "hOhm"
        ]
    }
}