{
    "flow": [
        0.00012320788043478263,
        "m3/s"
    ],
    "pressure": [
        339377.7173913043,
        "Pa"
    ],
    "room_pressure": {
        "kitchen": [
            328426.6304347826,
            "Pa"
        ],
        "bathroom": [
            315355.9782608696,
            "Pa"
        ],
        "garden": [
            327967.39130434784,
            "Pa"
        ]
    },
    "hOhm": "kg/(m^4 * s)",
    "R_total": [
        2754513073.3009114,
        "hOhm"
    ],
    "pipe_pressure": {
        "kitchen": [
            10951.086956521729,
            "Pa"
        ],
        "bathroom": [
            24021.739130434697,
            "Pa"
        ],
        "garden": [
            11410.326086956484,
            "Pa"
        ]
    },
    "R_pipe": {
        "kitchen": [
            88883007.46573143,
            "hOhm"
        ],
        "bathroom": [
            194969177.66676518,
            "hOhm"
        ],
        "garden": [
            92610359.39171349,
            "hOhm"
        ]
    },
    "R_appliance": {
        "kitchen": [
            2665630065.83518,
            "hOhm"
        ],
        "bathroom": [
            2559543895.634146,
            "hOhm"
        ],
        "garden": [
            2661902713.909198,
            "hOhm"
        ]
    },
    "pipe": {
        "main": {
            "diameter": [
                0.00138,
                "m"
            ],
            "area": [
                2.9914245247482006e-06,
                "m\u00b2"
            ],
            "length": [
                6,
                "m"
            ]
        },
        "kc": {
            "diameter": [
                0.00082,
                "m"
            ],
            "area": [
                1.0562034501368885e-06,
                "m\u00b2"
            ],
            "length": [
                3,
                "m"
            ]
        },
        "br_1": {
            "diameter": [
                0.0010500000000000002,
                "m"
            ],
            "area": [
                1.7318029502913738e-06,
                "m\u00b2"
            ],
            "length": [
                6,
                "m"
            ]
        },
        "br_2": {
            "diameter": [
                0.00082,
                "m"
            ],
            "area": [
                1.0562034501368885e-06,
                "m\u00b2"
            ],
            "length": [
                3,
                "m"
            ]
        },
        "gd_1": {
            "diameter": [
                0.0010500000000000002,
                "m"
            ],
            "area": [
                1.7318029502913738e-06,
                "m\u00b2"
            ],
            "length": [
                12,
                "m"
            ]
        },
        "gd_2": {
            "diameter": [
                0.00082,
                "m"
            ],
            "area": [
                1.0562034501368885e-06,
                "m\u00b2"
            ],
            "length": [
                3,
                "m"
            ]
        }
    },
    "temp": [
        293.15,
        "\u00b0C"
    ],
    "density": [
        998.204,
        "kg/m\u00b3"
    ],
    "dyn_viscosity": [
        0.001002,
        "N*s/m\u00b2"
    ],
    "kin_viscosity": [
        1.003802829882469e-06,
        "m\u00b2/s"
    ],
    "Re": {
        "main": 56622.769469424464,
        "kc": 95291.97788756799,
        "br_1": 74418.49701695786,
        "br_2": 95291.97788756799,
        "gd_1": 74418.49701695786,
        "gd_2": 95291.97788756799
    }
}