{
    "flow": [
        0.000495124500998004,
        "m3/s"
    ],
    "pressure": [
        337344.3113772455,
        "Pa"
    ],
    "room_pressure": {
        "kitchen": [
            278603.29341317364,
            "Pa"
        ],
        "bathroom": [
            271161.6766467066,
            "Pa"
        ],
        "garden": [
            119404.19161676643,
            "Pa"
        ]
    },
    "hOhm": "kg/(m^4 * s)",
    "R_total": [
        681332292.5794889,
        "hOhm"
    ],
    "pipe_pressure": {
        "kitchen": [
            58741.017964071885,
            "Pa"
        ],
        "bathroom": [
            66182.63473053894,
            "Pa"
        ],
        "garden": [
            217940.11976047908,
            "Pa"
        ]
    },
    "R_pipe": {
        "kitchen": [
            118638883.44380009,
            "hOhm"
        ],
        "bathroom": [
            133668672.4190321,
            "hOhm"
        ],
        "garden": [
            440172359.3180812,
            "hOhm"
        ]
    },
    "R_appliance": {
        "kitchen": [
            562693409.1356888,
            "hOhm"
        ],
        "bathroom": [
            547663620.1604568,
            "hOhm"
        ],
        "garden": [
            241159933.26140767,
            "hOhm"
        ]
    },
    "pipe": {
        "main": {
            "diameter": [
                0.00138,
                "m"
            ],
            "area": [
                2.9914245247482006e-06,
                "m\u00b2"
            ],
            "length": [
                6,
                "m"
            ]
        },
        "kc": {
            "diameter": [
                0.00082,
                "m"
            ],
            "area": [
                1.0562034501368885e-06,
                "m\u00b2"
            ],
            "length": [
                3,
                "m"
            ]
        },
        "br_1": {
            "diameter": [
                0.0010500000000000002,
                "m"
            ],
            "area": [
                1.7318029502913738e-06,
                "m\u00b2"
            ],
            "length": [
                6,
                "m"
            ]
        },
        "br_2": {
            "diameter": [
                0.00082,
                "m"
            ],
            "area": [
                1.0562034501368885e-06,
                "m\u00b2"
            ],
            "length": [
                3,
                "m"
            ]
        },
        "gd_1": {
            "diameter": [
                0.0010500000000000002,
                "m"
            ],
            "area": [
                1.7318029502913738e-06,
                "m\u00b2"
            ],
            "length": [
                12,
                "m"
            ]
        },
        "gd_2": {
            "diameter": [
                0.00082,
                "m"
            ],
            "area": [
                1.0562034501368885e-06,
                "m\u00b2"
            ],
            "length": [
                3,
                "m"
            ]
        }
    },
    "temp": [
        293.15,
        "\u00b0C"
    ],
    "density": [
        998.204,
        "kg/m\u00b3"
    ],
    "dyn_viscosity": [
        0.001002,
        "N*s/m\u00b2"
    ],
    "kin_viscosity": [
        1.003802829882469e-06,
        "m\u00b2/s"
    ],
    "Re": {
        "main": 227544.86466077698,
        "kc": 382941.35759984417,
        "br_1": 299058.9649827354,
        "br_2": 382941.35759984417,
        "gd_1": 299058.9649827354,
        "gd_2": 382941.35759984417
    }
}