{
    "static_room_pressure_loss": {
        "kitchen": [
            7056.890047289986,
            "Pa"
        ],
        "bathroom": [
            8029.440882715899,
            "Pa"
        ],
        "garden": [
            7649.761260590474,
            "Pa"
        ]
    },
    "density": [
        998.204,
        "kg/m3"
    ],
    "gravity": [
        9.82,
        "m/s2"
    ],
    "room_height": {
        "kitchen": [
            0.7199172123816642,
            "m"
        ],
        "bathroom": [
            0.8191331675187515,
            "m"
        ],
        "garden": [
            0.7803996895522601,
            "m"
        ]
    },
    "pipe": {
        "main": {
            "diameter": [
                0.00138,
                "m"
            ],
            "area": [
                2.9914245247482006e-06,
                "m2"
            ]
        },
        "kc": {
            "diameter": [
                0.00082,
                "m"
            ],
            "area": [
                1.0562034501368885e-06,
                "m2"
            ]
        },
        "br_1": {
            "diameter": [
                0.0010500000000000002,
                "m"
            ],
            "area": [
                1.7318029502913738e-06,
                "m2"
            ]
        },
        "br_2": {
            "diameter": [
                0.00082,
                "m"
            ],
            "area": [
                1.0562034501368885e-06,
                "m2"
            ]
        },
        "gd_1": {
            "diameter": [
                0.0010500000000000002,
                "m"
            ],
            "area": [
                1.7318029502913738e-06,
                "m2"
            ]
        },
        "gd_2": {
            "diameter": [
                0.00082,
                "m"
            ],
            "area": [
                1.0562034501368885e-06,
                "m2"
            ]
        }
    },
    "flow": [
        0.0004948013844515442,
        "m3/s"
    ],
    "pressure": [
        337338.6581469649,
        "Pa"
    ],
    "room_pressure": {
        "kitchen": [
            278646.96485623,
            "Pa"
        ],
        "bathroom": [
            271242.81150159746,
            "Pa"
        ],
        "garden": [
            119416.93290734825,
            "Pa"
        ]
    },
    "temp": [
        293.15,
        "\u00b0C"
    ],
    "dyn_viscosity": [
        0.001002,
        "N*s/m2"
    ],
    "kin_viscosity": [
        1.003802829882469e-06,
        "m2/s"
    ],
    "Re": {
        "main": 227396.3696646989,
        "kc": 382691.45138693217,
        "br_1": 298863.8001307471,
        "br_2": 382691.45138693217,
        "gd_1": 298863.8001307471,
        "gd_2": 382691.45138693217
    },
    "hOhm": "kg/(m^4 * s)",
    "pipe_pressure": {
        "kitchen": [
            58691.6932907349,
            "Pa"
        ],
        "bathroom": [
            66095.84664536745,
            "Pa"
        ],
        "garden": [
            217921.72523961664,
            "Pa"
        ]
    },
    "R_pipe": {
        "kitchen": [
            210902007785.00558,
            "hOhm"
        ],
        "bathroom": [
            237171845169.3086,
            "hOhm"
        ],
        "garden": [
            858854427603.5923,
            "hOhm"
        ]
    },
    "R_appliance": {
        "kitchen": [
            1138131660428.8088,
            "hOhm"
        ],
        "bathroom": [
            1107889445675.3647,
            "hOhm"
        ],
        "garden": [
            487757662112.99243,
            "hOhm"
        ]
    },
    "R_total": {
        "kitchen": [
            1349033668213.8145,
            "hOhm"
        ],
        "bathroom": [
            1345061290844.6733,
            "hOhm"
        ],
        "garden": [
            1346612089716.5847,
            "hOhm"
        ]
    }
}