,FT0101[l/m],PT0102[Bar],PT0201[Bar],PT0202[Bar],PT0203[Bar],outlet_pressure[Bar],PT0106
count,668.0,668.0,668.0,668.0,668.0,668.0,668.0
mean,29.70747005988024,3.373443113772455,2.7860329341317365,2.711616766467066,1.1940419161676645,3.4892934131736526,3.3599251497005986
std,0.10141742382287655,0.0051193899449372745,0.006169431273021629,0.005853520860996289,0.008734534531056656,0.19138448663793026,0.001282015774209592
min,29.42,3.36,2.77,2.7,1.17,0.0,3.35
25%,29.64,3.37,2.78,2.71,1.19,3.499,3.36
50%,29.72,3.37,2.79,2.71,1.19,3.5,3.36
75%,29.78,3.38,2.79,2.72,1.2,3.502,3.36
max,29.94,3.38,2.8,2.72,1.22,3.508,3.37
