{
    "pressure": [
        407000.0,
        "Pa"
    ],
    "room_pressure": {
        "kitchen": [
            400000.0,
            "Pa"
        ],
        "bathroom": [
            399000.0000000002,
            "Pa"
        ],
        "garden": [
            0.0,
            "Pa"
        ]
    },
    "room_pressure_diff": {
        "kitchen": [
            7000.0,
            "Pa"
        ],
        "bathroom": [
            7999.999999999825,
            "Pa"
        ],
        "garden": [
            407000.0,
            "Pa"
        ]
    }
}