{
    "static_room_pressure_loss": {
        "kitchen": [
            7056.890047289986,
            "Pa"
        ],
        "bathroom": [
            8029.440882715899,
            "Pa"
        ],
        "garden": [
            7649.761260590474,
            "Pa"
        ]
    },
    "density": [
        998.204,
        "kg/m3"
    ],
    "gravity": [
        9.82,
        "m/s2"
    ],
    "room_height": {
        "kitchen": [
            0.7199172123816642,
            "m"
        ],
        "bathroom": [
            0.8191331675187515,
            "m"
        ],
        "garden": [
            0.7803996895522601,
            "m"
        ]
    },
    "pipe": {
        "main": {
            "diameter": [
                0.00138,
                "m"
            ],
            "area": [
                2.9914245247482006e-06,
                "m2"
            ]
        },
        "kc": {
            "diameter": [
                0.00082,
                "m"
            ],
            "area": [
                1.0562034501368885e-06,
                "m2"
            ]
        },
        "br_1": {
            "diameter": [
                0.0010500000000000002,
                "m"
            ],
            "area": [
                1.7318029502913738e-06,
                "m2"
            ]
        },
        "br_2": {
            "diameter": [
                0.00082,
                "m"
            ],
            "area": [
                1.0562034501368885e-06,
                "m2"
            ]
        },
        "gd_1": {
            "diameter": [
                0.0010500000000000002,
                "m"
            ],
            "area": [
                1.7318029502913738e-06,
                "m2"
            ]
        },
        "gd_2": {
            "diameter": [
                0.00082,
                "m"
            ],
            "area": [
                1.0562034501368885e-06,
                "m2"
            ]
        }
    },
    "flow": [
        5.147703943814154e-05,
        "m3/s"
    ],
    "pressure": [
        339252.8363047002,
        "Pa"
    ],
    "room_pressure": {
        "kitchen": [
            331327.3905996758,
            "Pa"
        ],
        "bathroom": [
            328037.2771474879,
            "Pa"
        ],
        "garden": [
            330842.78768233384,
            "Pa"
        ]
    },
    "temp": [
        293.15,
        "\u00b0C"
    ],
    "dyn_viscosity": [
        0.001002,
        "N*s/m2"
    ],
    "kin_viscosity": [
        1.003802829882469e-06,
        "m2/s"
    ],
    "Re": {
        "main": 23657.354763255025,
        "kc": 39813.59704059991,
        "br_1": 31092.52340313517,
        "br_2": 39813.59704059991,
        "gd_1": 31092.52340313517,
        "gd_2": 39813.59704059991
    },
    "hOhm": "kg/(m^4 * s)",
    "pipe_pressure": {
        "kitchen": [
            7925.445705024351,
            "Pa"
        ],
        "bathroom": [
            11215.559157212265,
            "Pa"
        ],
        "garden": [
            8410.048622366332,
            "Pa"
        ]
    },
    "R_pipe": {
        "kitchen": [
            327771003109.069,
            "hOhm"
        ],
        "bathroom": [
            1202360693360.6538,
            "hOhm"
        ],
        "garden": [
            286913278385.016,
            "hOhm"
        ]
    },
    "R_appliance": {
        "kitchen": [
            125034602224166.98,
            "hOhm"
        ],
        "bathroom": [
            123792996373162.22,
            "hOhm"
        ],
        "garden": [
            124851725303255.44,
            "hOhm"
        ]
    },
    "R_total": {
        "kitchen": [
            125362373227276.05,
            "hOhm"
        ],
        "bathroom": [
            124995357066522.88,
            "hOhm"
        ],
        "garden": [
            125138638581640.45,
            "hOhm"
        ]
    }
}