{
    "flow": [
        5.147703943814154e-05,
        "m3/s"
    ],
    "pressure": [
        339252.8363047002,
        "Pa"
    ],
    "room_pressure": {
        "kitchen": [
            331327.3905996758,
            "Pa"
        ],
        "bathroom": [
            328037.2771474879,
            "Pa"
        ],
        "garden": [
            330842.78768233384,
            "Pa"
        ]
    },
    "hOhm": "kg/(m^4 * s)",
    "R_total": [
        6590371940.724571,
        "hOhm"
    ],
    "pipe_pressure": {
        "kitchen": [
            7925.445705024351,
            "Pa"
        ],
        "bathroom": [
            11215.559157212265,
            "Pa"
        ],
        "garden": [
            8410.048622366332,
            "Pa"
        ]
    },
    "R_pipe": {
        "kitchen": [
            153960790.89878756,
            "hOhm"
        ],
        "bathroom": [
            217874984.25758684,
            "hOhm"
        ],
        "garden": [
            163374753.36887705,
            "hOhm"
        ]
    },
    "R_appliance": {
        "kitchen": [
            6436411149.825784,
            "hOhm"
        ],
        "bathroom": [
            6372496956.466985,
            "hOhm"
        ],
        "garden": [
            6426997187.355694,
            "hOhm"
        ]
    }
}