{
    "flow": [
        5.147703943814154e-05,
        "m3/s"
    ],
    "pressure": [
        339252.8363047002,
        "Pa"
    ],
    "room_pressure": {
        "kitchen": [
            331327.3905996758,
            "Pa"
        ],
        "bathroom": [
            328037.2771474879,
            "Pa"
        ],
        "garden": [
            330842.78768233384,
            "Pa"
        ]
    },
    "hOhm": "kg/(m^4 * s)",
    "R_total": [
        6590371940.724571,
        "hOhm"
    ],
    "pipe_pressure": {
        "kitchen": [
            7925.445705024351,
            "Pa"
        ],
        "bathroom": [
            11215.559157212265,
            "Pa"
        ],
        "garden": [
            8410.048622366332,
            "Pa"
        ]
    },
    "R_pipe": {
        "kitchen": [
            153960790.89878756,
            "hOhm"
        ],
        "bathroom": [
            217874984.25758684,
            "hOhm"
        ],
        "garden": [
            163374753.36887705,
            "hOhm"
        ]
    },
    "R_appliance": {
        "kitchen": [
            6436411149.825784,
            "hOhm"
        ],
        "bathroom": [
            6372496956.466985,
            "hOhm"
        ],
        "garden": [
            6426997187.355694,
            "hOhm"
        ]
    },
    "pipe": {
        "main": {
            "diameter": [
                0.00138,
                "m"
            ],
            "area": [
                2.9914245247482006e-06,
                "m\u00b2"
            ],
            "length": [
                6,
                "m"
            ]
        },
        "kc": {
            "diameter": [
                0.00082,
                "m"
            ],
            "area": [
                1.0562034501368885e-06,
                "m\u00b2"
            ],
            "length": [
                3,
                "m"
            ]
        },
        "br_1": {
            "diameter": [
                0.0010500000000000002,
                "m"
            ],
            "area": [
                1.7318029502913738e-06,
                "m\u00b2"
            ],
            "length": [
                6,
                "m"
            ]
        },
        "br_2": {
            "diameter": [
                0.00082,
                "m"
            ],
            "area": [
                1.0562034501368885e-06,
                "m\u00b2"
            ],
            "length": [
                3,
                "m"
            ]
        },
        "gd_1": {
            "diameter": [
                0.0010500000000000002,
                "m"
            ],
            "area": [
                1.7318029502913738e-06,
                "m\u00b2"
            ],
            "length": [
                12,
                "m"
            ]
        },
        "gd_2": {
            "diameter": [
                0.00082,
                "m"
            ],
            "area": [
                1.0562034501368885e-06,
                "m\u00b2"
            ],
            "length": [
                3,
                "m"
            ]
        }
    },
    "temp": [
        293.15,
        "\u00b0C"
    ],
    "density": [
        998.204,
        "kg/m\u00b3"
    ],
    "dyn_viscosity": [
        0.001002,
        "N*s/m\u00b2"
    ],
    "kin_viscosity": [
        1.003802829882469e-06,
        "m\u00b2/s"
    ],
    "Re": {
        "main": 23657.354763255025,
        "kc": 39813.59704059991,
        "br_1": 31092.52340313517,
        "br_2": 39813.59704059991,
        "gd_1": 31092.52340313517,
        "gd_2": 39813.59704059991
    }
}