{
    "pressure": [
        417000.00000000006,
        "Pa"
    ],
    "room_pressure": {
        "kitchen": [
            410000.00000000006,
            "Pa"
        ],
        "bathroom": [
            409000.00000000006,
            "Pa"
        ],
        "garden": [
            409111.88811188814,
            "Pa"
        ]
    },
    "room_pressure_diff": {
        "kitchen": [
            7000.0,
            "Pa"
        ],
        "bathroom": [
            8000.0,
            "Pa"
        ],
        "garden": [
            7888.111888111918,
            "Pa"
        ]
    }
}