{
    "pressure": [
        440830.3393213573,
        "Pa"
    ],
    "room_pressure": {
        "kitchen": [
            433453.0938123752,
            "Pa"
        ],
        "bathroom": [
            432650.6986027944,
            "Pa"
        ],
        "garden": [
            433109.78043912165,
            "Pa"
        ]
    },
    "room_pressure_diff": {
        "kitchen": [
            7377.2455089821015,
            "Pa"
        ],
        "bathroom": [
            8179.640718562936,
            "Pa"
        ],
        "garden": [
            7720.558882235666,
            "Pa"
        ]
    }
}