,FT0101[l/m],PT0102[Bar],PT0201[Bar],PT0202[Bar],PT0203[Bar],p,outlet_pressure[Bar],p_lo_min[W],p_lo_max[W],pump_output_control_
count,501.0,501.0,501.0,501.0,501.0,501.0,501.0,501.0,501.0,501.0
mean,3.9920159680638724e-05,4.408303393213573,4.334530938123752,4.326506986027944,4.3310978043912165,0.0,4.54968862275449,0.0,65535.0,20.840319361277444
std,0.0006311918833546376,0.0037570957484569447,0.004982924936035322,0.004772258490254213,0.0031292834914178453,0.0,0.002861267254102849,0.0,0.0,1.781698935792574
min,0.0,4.4,4.33,4.32,4.33,0.0,4.546,0.0,65535.0,1.0
25%,0.0,4.41,4.33,4.32,4.33,0.0,4.547,0.0,65535.0,21.0
50%,0.0,4.41,4.33,4.33,4.33,0.0,4.549,0.0,65535.0,21.0
75%,0.0,4.41,4.34,4.33,4.33,0.0,4.551,0.0,65535.0,21.0
max,0.01,4.41,4.34,4.33,4.34,0.0,4.556,0.0,65535.0,21.0
