{
    "pressure": [
        416989.6373056996,
        "Pa"
    ],
    "room_pressure": {
        "kitchen": [
            409440.414507772,
            "Pa"
        ],
        "bathroom": [
            408958.54922279797,
            "Pa"
        ],
        "garden": [
            409000.00000000006,
            "Pa"
        ]
    },
    "room_pressure_diff": {
        "kitchen": [
            7549.222797927563,
            "Pa"
        ],
        "bathroom": [
            8031.08808290161,
            "Pa"
        ],
        "garden": [
            7989.637305699522,
            "Pa"
        ]
    }
}