{
    "static_room_pressure_loss": {
        "kitchen": [
            7056.890047289986,
            "Pa"
        ],
        "bathroom": [
            8029.440882715899,
            "Pa"
        ],
        "garden": [
            7649.761260590474,
            "Pa"
        ]
    },
    "density": [
        998.204,
        "kg/m3"
    ],
    "gravity": [
        9.82,
        "m/s2"
    ],
    "room_height": {
        "kitchen": [
            0.7199172123816642,
            "m"
        ],
        "bathroom": [
            0.8191331675187515,
            "m"
        ],
        "garden": [
            0.7803996895522601,
            "m"
        ]
    },
    "pipe": {
        "main": {
            "diameter": [
                0.00138,
                "m"
            ],
            "area": [
                2.9914245247482006e-06,
                "m2"
            ]
        },
        "kc": {
            "diameter": [
                0.00082,
                "m"
            ],
            "area": [
                1.0562034501368885e-06,
                "m2"
            ]
        },
        "br_1": {
            "diameter": [
                0.0010500000000000002,
                "m"
            ],
            "area": [
                1.7318029502913738e-06,
                "m2"
            ]
        },
        "br_2": {
            "diameter": [
                0.00082,
                "m"
            ],
            "area": [
                1.0562034501368885e-06,
                "m2"
            ]
        },
        "gd_1": {
            "diameter": [
                0.0010500000000000002,
                "m"
            ],
            "area": [
                1.7318029502913738e-06,
                "m2"
            ]
        },
        "gd_2": {
            "diameter": [
                0.00082,
                "m"
            ],
            "area": [
                1.0562034501368885e-06,
                "m2"
            ]
        }
    },
    "flow": [
        8.242410119840214e-05,
        "m3/s"
    ],
    "pressure": [
        387644.4740346205,
        "Pa"
    ],
    "room_pressure": {
        "kitchen": [
            378685.7523302264,
            "Pa"
        ],
        "bathroom": [
            372178.4287616511,
            "Pa"
        ],
        "garden": [
            378249.0013315579,
            "Pa"
        ]
    },
    "temp": [
        293.15,
        "\u00b0C"
    ],
    "dyn_viscosity": [
        0.001002,
        "N*s/m2"
    ],
    "kin_viscosity": [
        1.003802829882469e-06,
        "m2/s"
    ],
    "Re": {
        "main": 37879.72704677809,
        "kc": 63748.808932382635,
        "br_1": 49784.78411862262,
        "br_2": 63748.808932382635,
        "gd_1": 49784.78411862262,
        "gd_2": 63748.808932382635
    },
    "hOhm": "kg/(m^4 * s)",
    "pipe_pressure": {
        "kitchen": [
            8958.721704394091,
            "Pa"
        ],
        "bathroom": [
            15466.045272969408,
            "Pa"
        ],
        "garden": [
            9395.47270306258,
            "Pa"
        ]
    },
    "R_pipe": {
        "kitchen": [
            279939145198.83276,
            "hOhm"
        ],
        "bathroom": [
            1094627207625.4003,
            "hOhm"
        ],
        "garden": [
            256959109469.0206,
            "hOhm"
        ]
    },
    "R_appliance": {
        "kitchen": [
            55740457053764.15,
            "hOhm"
        ],
        "bathroom": [
            54782614864885.56,
            "hOhm"
        ],
        "garden": [
            55676169712255.62,
            "hOhm"
        ]
    },
    "R_total": {
        "kitchen": [
            56020396198962.984,
            "hOhm"
        ],
        "bathroom": [
            55877242072510.96,
            "hOhm"
        ],
        "garden": [
            55933128821724.64,
            "hOhm"
        ]
    }
}