{
    "flow": [
        8.242410119840214e-05,
        "m3/s"
    ],
    "pressure": [
        387644.4740346205,
        "Pa"
    ],
    "room_pressure": {
        "kitchen": [
            378685.7523302264,
            "Pa"
        ],
        "bathroom": [
            372178.4287616511,
            "Pa"
        ],
        "garden": [
            378249.0013315579,
            "Pa"
        ]
    },
    "hOhm": "kg/(m^4 * s)",
    "R_total": [
        4703047632.894726,
        "hOhm"
    ],
    "pipe_pressure": {
        "kitchen": [
            8958.721704394091,
            "Pa"
        ],
        "bathroom": [
            15466.045272969408,
            "Pa"
        ],
        "garden": [
            9395.47270306258,
            "Pa"
        ]
    },
    "R_pipe": {
        "kitchen": [
            108690559.85008137,
            "hOhm"
        ],
        "bathroom": [
            187639841.3583093,
            "hOhm"
        ],
        "garden": [
            113989386.19235703,
            "hOhm"
        ]
    },
    "R_appliance": {
        "kitchen": [
            4594357073.044644,
            "hOhm"
        ],
        "bathroom": [
            4515407791.536416,
            "hOhm"
        ],
        "garden": [
            4589058246.702369,
            "hOhm"
        ]
    }
}