{
    "flow": [
        8.242410119840214e-05,
        "m3/s"
    ],
    "pressure": [
        387644.4740346205,
        "Pa"
    ],
    "room_pressure": {
        "kitchen": [
            378685.7523302264,
            "Pa"
        ],
        "bathroom": [
            372178.4287616511,
            "Pa"
        ],
        "garden": [
            378249.0013315579,
            "Pa"
        ]
    },
    "hOhm": "kg/(m^4 * s)",
    "R_total": [
        4703047632.894726,
        "hOhm"
    ],
    "pipe_pressure": {
        "kitchen": [
            8958.721704394091,
            "Pa"
        ],
        "bathroom": [
            15466.045272969408,
            "Pa"
        ],
        "garden": [
            9395.47270306258,
            "Pa"
        ]
    },
    "R_pipe": {
        "kitchen": [
            108690559.85008137,
            "hOhm"
        ],
        "bathroom": [
            187639841.3583093,
            "hOhm"
        ],
        "garden": [
            113989386.19235703,
            "hOhm"
        ]
    },
    "R_appliance": {
        "kitchen": [
            4594357073.044644,
            "hOhm"
        ],
        "bathroom": [
            4515407791.536416,
            "hOhm"
        ],
        "garden": [
            4589058246.702369,
            "hOhm"
        ]
    },
    "pipe": {
        "main": {
            "diameter": [
                0.00138,
                "m"
            ],
            "area": [
                2.9914245247482006e-06,
                "m\u00b2"
            ],
            "length": [
                6,
                "m"
            ]
        },
        "kc": {
            "diameter": [
                0.00082,
                "m"
            ],
            "area": [
                1.0562034501368885e-06,
                "m\u00b2"
            ],
            "length": [
                3,
                "m"
            ]
        },
        "br_1": {
            "diameter": [
                0.0010500000000000002,
                "m"
            ],
            "area": [
                1.7318029502913738e-06,
                "m\u00b2"
            ],
            "length": [
                6,
                "m"
            ]
        },
        "br_2": {
            "diameter": [
                0.00082,
                "m"
            ],
            "area": [
                1.0562034501368885e-06,
                "m\u00b2"
            ],
            "length": [
                3,
                "m"
            ]
        },
        "gd_1": {
            "diameter": [
                0.0010500000000000002,
                "m"
            ],
            "area": [
                1.7318029502913738e-06,
                "m\u00b2"
            ],
            "length": [
                12,
                "m"
            ]
        },
        "gd_2": {
            "diameter": [
                0.00082,
                "m"
            ],
            "area": [
                1.0562034501368885e-06,
                "m\u00b2"
            ],
            "length": [
                3,
                "m"
            ]
        }
    },
    "temp": [
        293.15,
        "\u00b0C"
    ],
    "density": [
        998.204,
        "kg/m\u00b3"
    ],
    "dyn_viscosity": [
        0.001002,
        "N*s/m\u00b2"
    ],
    "kin_viscosity": [
        1.003802829882469e-06,
        "m\u00b2/s"
    ],
    "Re": {
        "main": 37879.72704677809,
        "kc": 63748.808932382635,
        "br_1": 49784.78411862262,
        "br_2": 63748.808932382635,
        "gd_1": 49784.78411862262,
        "gd_2": 63748.808932382635
    }
}