{
    "flow": [
        0.00022462993197278912,
        "m3/s"
    ],
    "pressure": [
        338972.7891156463,
        "Pa"
    ],
    "room_pressure": {
        "kitchen": [
            320054.4217687075,
            "Pa"
        ],
        "bathroom": [
            282530.612244898,
            "Pa"
        ],
        "garden": [
            319571.42857142864,
            "Pa"
        ]
    },
    "hOhm": "kg/(m^4 * s)",
    "R_total": [
        1509027697.861335,
        "hOhm"
    ],
    "pipe_pressure": {
        "kitchen": [
            18918.367346938758,
            "Pa"
        ],
        "bathroom": [
            56442.176870748284,
            "Pa"
        ],
        "garden": [
            19401.360544217634,
            "Pa"
        ]
    },
    "R_pipe": {
        "kitchen": [
            84220153.4799488,
            "hOhm"
        ],
        "bathroom": [
            251267390.6591642,
            "hOhm"
        ],
        "garden": [
            86370326.4023062,
            "hOhm"
        ]
    },
    "R_appliance": {
        "kitchen": [
            1424807544.3813863,
            "hOhm"
        ],
        "bathroom": [
            1257760307.2021708,
            "hOhm"
        ],
        "garden": [
            1422657371.4590287,
            "hOhm"
        ]
    },
    "pipe": {
        "main": {
            "diameter": [
                0.00138,
                "m"
            ],
            "area": [
                2.9914245247482006e-06,
                "m\u00b2"
            ],
            "length": [
                6,
                "m"
            ]
        },
        "kc": {
            "diameter": [
                0.00082,
                "m"
            ],
            "area": [
                1.0562034501368885e-06,
                "m\u00b2"
            ],
            "length": [
                3,
                "m"
            ]
        },
        "br_1": {
            "diameter": [
                0.0010500000000000002,
                "m"
            ],
            "area": [
                1.7318029502913738e-06,
                "m\u00b2"
            ],
            "length": [
                6,
                "m"
            ]
        },
        "br_2": {
            "diameter": [
                0.00082,
                "m"
            ],
            "area": [
                1.0562034501368885e-06,
                "m\u00b2"
            ],
            "length": [
                3,
                "m"
            ]
        },
        "gd_1": {
            "diameter": [
                0.0010500000000000002,
                "m"
            ],
            "area": [
                1.7318029502913738e-06,
                "m\u00b2"
            ],
            "length": [
                12,
                "m"
            ]
        },
        "gd_2": {
            "diameter": [
                0.00082,
                "m"
            ],
            "area": [
                1.0562034501368885e-06,
                "m\u00b2"
            ],
            "length": [
                3,
                "m"
            ]
        }
    },
    "temp": [
        293.15,
        "\u00b0C"
    ],
    "density": [
        998.204,
        "kg/m\u00b3"
    ],
    "dyn_viscosity": [
        0.001002,
        "N*s/m\u00b2"
    ],
    "kin_viscosity": [
        1.003802829882469e-06,
        "m\u00b2/s"
    ],
    "Re": {
        "main": 103233.40365197136,
        "kc": 173734.2646825859,
        "br_1": 135678.18765687663,
        "br_2": 173734.2646825859,
        "gd_1": 135678.18765687663,
        "gd_2": 173734.2646825859
    }
}