{
    "flow": [
        0.00022462993197278912,
        "m3/s"
    ],
    "pressure": [
        338972.7891156463,
        "Pa"
    ],
    "room_pressure": {
        "kitchen": [
            320054.4217687075,
            "Pa"
        ],
        "bathroom": [
            282530.612244898,
            "Pa"
        ],
        "garden": [
            319571.42857142864,
            "Pa"
        ]
    },
    "hOhm": "kg/(m^4 * s)",
    "R_total": [
        1509027697.861335,
        "hOhm"
    ],
    "pipe_pressure": {
        "kitchen": [
            18918.367346938758,
            "Pa"
        ],
        "bathroom": [
            56442.176870748284,
            "Pa"
        ],
        "garden": [
            19401.360544217634,
            "Pa"
        ]
    },
    "R_pipe": {
        "kitchen": [
            84220153.4799488,
            "hOhm"
        ],
        "bathroom": [
            251267390.6591642,
            "hOhm"
        ],
        "garden": [
            86370326.4023062,
            "hOhm"
        ]
    },
    "R_appliance": {
        "kitchen": [
            1424807544.3813863,
            "hOhm"
        ],
        "bathroom": [
            1257760307.2021708,
            "hOhm"
        ],
        "garden": [
            1422657371.4590287,
            "hOhm"
        ]
    }
}