{
    "static_room_pressure_loss": {
        "kitchen": [
            7056.890047289986,
            "Pa"
        ],
        "bathroom": [
            8029.440882715899,
            "Pa"
        ],
        "garden": [
            7649.761260590474,
            "Pa"
        ]
    },
    "density": [
        998.204,
        "kg/m3"
    ],
    "gravity": [
        9.82,
        "m/s2"
    ],
    "room_height": {
        "kitchen": [
            0.7199172123816642,
            "m"
        ],
        "bathroom": [
            0.8191331675187515,
            "m"
        ],
        "garden": [
            0.7803996895522601,
            "m"
        ]
    },
    "pipe": {
        "main": {
            "diameter": [
                0.00138,
                "m"
            ],
            "area": [
                2.9914245247482006e-06,
                "m2"
            ]
        },
        "kc": {
            "diameter": [
                0.00082,
                "m"
            ],
            "area": [
                1.0562034501368885e-06,
                "m2"
            ]
        },
        "br_1": {
            "diameter": [
                0.0010500000000000002,
                "m"
            ],
            "area": [
                1.7318029502913738e-06,
                "m2"
            ]
        },
        "br_2": {
            "diameter": [
                0.00082,
                "m"
            ],
            "area": [
                1.0562034501368885e-06,
                "m2"
            ]
        },
        "gd_1": {
            "diameter": [
                0.0010500000000000002,
                "m"
            ],
            "area": [
                1.7318029502913738e-06,
                "m2"
            ]
        },
        "gd_2": {
            "diameter": [
                0.00082,
                "m"
            ],
            "area": [
                1.0562034501368885e-06,
                "m2"
            ]
        }
    },
    "flow": [
        0.00022462993197278912,
        "m3/s"
    ],
    "pressure": [
        338972.7891156463,
        "Pa"
    ],
    "room_pressure": {
        "kitchen": [
            320054.4217687075,
            "Pa"
        ],
        "bathroom": [
            282530.612244898,
            "Pa"
        ],
        "garden": [
            319571.42857142864,
            "Pa"
        ]
    },
    "temp": [
        293.15,
        "\u00b0C"
    ],
    "dyn_viscosity": [
        0.001002,
        "N*s/m2"
    ],
    "kin_viscosity": [
        1.003802829882469e-06,
        "m2/s"
    ],
    "Re": {
        "main": 103233.40365197136,
        "kc": 173734.2646825859,
        "br_1": 135678.18765687663,
        "br_2": 173734.2646825859,
        "gd_1": 135678.18765687663,
        "gd_2": 173734.2646825859
    },
    "hOhm": "kg/(m^4 * s)",
    "pipe_pressure": {
        "kitchen": [
            18918.367346938758,
            "Pa"
        ],
        "bathroom": [
            56442.176870748284,
            "Pa"
        ],
        "garden": [
            19401.360544217634,
            "Pa"
        ]
    },
    "R_pipe": {
        "kitchen": [
            235073422761.03464,
            "hOhm"
        ],
        "bathroom": [
            959454481632.7457,
            "hOhm"
        ],
        "garden": [
            232895835546.5688,
            "hOhm"
        ]
    },
    "R_appliance": {
        "kitchen": [
            6342910456625.979,
            "hOhm"
        ],
        "bathroom": [
            5599255166735.89,
            "hOhm"
        ],
        "garden": [
            6333338388898.968,
            "hOhm"
        ]
    },
    "R_total": {
        "kitchen": [
            6577983879387.013,
            "hOhm"
        ],
        "bathroom": [
            6558709648368.636,
            "hOhm"
        ],
        "garden": [
            6566234224445.536,
            "hOhm"
        ]
    }
}