{
    "pressure": [
        416920.15968063887,
        "Pa"
    ],
    "room_pressure": {
        "kitchen": [
            409836.3273453094,
            "Pa"
        ],
        "bathroom": [
            408882.23552894214,
            "Pa"
        ],
        "garden": [
            0.0,
            "Pa"
        ]
    },
    "room_pressure_diff": {
        "kitchen": [
            7083.832335329498,
            "Pa"
        ],
        "bathroom": [
            8037.92415169673,
            "Pa"
        ],
        "garden": [
            416920.15968063887,
            "Pa"
        ]
    }
}