{
    "pressure": [
        371999.99999999994,
        "Pa"
    ],
    "room_pressure": {
        "kitchen": [
            364999.9999999999,
            "Pa"
        ],
        "bathroom": [
            364000.0,
            "Pa"
        ],
        "garden": [
            364334.3558282208,
            "Pa"
        ]
    },
    "room_pressure_diff": {
        "kitchen": [
            7000.000000000058,
            "Pa"
        ],
        "bathroom": [
            7999.999999999942,
            "Pa"
        ],
        "garden": [
            7665.64417177916,
            "Pa"
        ]
    }
}