{
    "flow": [
        0.00041701208086785015,
        "m3/s"
    ],
    "pressure": [
        338038.4615384615,
        "Pa"
    ],
    "room_pressure": {
        "kitchen": [
            293417.15976331366,
            "Pa"
        ],
        "bathroom": [
            292412.72189349117,
            "Pa"
        ],
        "garden": [
            126226.33136094674,
            "Pa"
        ]
    },
    "hOhm": "kg/(m^4 * s)",
    "R_total": [
        810620308.2533354,
        "hOhm"
    ],
    "pipe_pressure": {
        "kitchen": [
            44621.30177514785,
            "Pa"
        ],
        "bathroom": [
            45625.73964497034,
            "Pa"
        ],
        "garden": [
            211812.13017751474,
            "Pa"
        ]
    },
    "R_pipe": {
        "kitchen": [
            107002419.88741857,
            "hOhm"
        ],
        "bathroom": [
            109411074.0149732,
            "hOhm"
        ],
        "garden": [
            507928043.0838102,
            "hOhm"
        ]
    },
    "R_appliance": {
        "kitchen": [
            703617888.3659167,
            "hOhm"
        ],
        "bathroom": [
            701209234.2383622,
            "hOhm"
        ],
        "garden": [
            302692265.16952515,
            "hOhm"
        ]
    }
}