{
    "flow": [
        0.00012305263157894736,
        "m3/s"
    ],
    "pressure": [
        339311.00478468894,
        "Pa"
    ],
    "room_pressure": {
        "kitchen": [
            328406.69856459333,
            "Pa"
        ],
        "bathroom": [
            315306.2200956938,
            "Pa"
        ],
        "garden": [
            327942.5837320574,
            "Pa"
        ]
    },
    "hOhm": "kg/(m^4 * s)",
    "R_total": [
        2757446146.667703,
        "hOhm"
    ],
    "pipe_pressure": {
        "kitchen": [
            10904.306220095605,
            "Pa"
        ],
        "bathroom": [
            24004.78468899516,
            "Pa"
        ],
        "garden": [
            11368.421052631515,
            "Pa"
        ]
    },
    "R_pipe": {
        "kitchen": [
            88614977.83653401,
            "hOhm"
        ],
        "bathroom": [
            195077377.71210784,
            "hOhm"
        ],
        "garden": [
            92386655.26090625,
            "hOhm"
        ]
    },
    "R_appliance": {
        "kitchen": [
            2668831168.831169,
            "hOhm"
        ],
        "bathroom": [
            2562368768.9555955,
            "hOhm"
        ],
        "garden": [
            2665059491.406797,
            "hOhm"
        ]
    },
    "pipe": {
        "main": {
            "diameter": [
                0.00138,
                "m"
            ],
            "area": [
                2.9914245247482006e-06,
                "m\u00b2"
            ],
            "length": [
                6,
                "m"
            ]
        },
        "kc": {
            "diameter": [
                0.00082,
                "m"
            ],
            "area": [
                1.0562034501368885e-06,
                "m\u00b2"
            ],
            "length": [
                3,
                "m"
            ]
        },
        "br_1": {
            "diameter": [
                0.0010500000000000002,
                "m"
            ],
            "area": [
                1.7318029502913738e-06,
                "m\u00b2"
            ],
            "length": [
                6,
                "m"
            ]
        },
        "br_2": {
            "diameter": [
                0.00082,
                "m"
            ],
            "area": [
                1.0562034501368885e-06,
                "m\u00b2"
            ],
            "length": [
                3,
                "m"
            ]
        },
        "gd_1": {
            "diameter": [
                0.0010500000000000002,
                "m"
            ],
            "area": [
                1.7318029502913738e-06,
                "m\u00b2"
            ],
            "length": [
                12,
                "m"
            ]
        },
        "gd_2": {
            "diameter": [
                0.00082,
                "m"
            ],
            "area": [
                1.0562034501368885e-06,
                "m\u00b2"
            ],
            "length": [
                3,
                "m"
            ]
        }
    },
    "temp": [
        293.15,
        "\u00b0C"
    ],
    "density": [
        998.204,
        "kg/m\u00b3"
    ],
    "dyn_viscosity": [
        0.001002,
        "N*s/m\u00b2"
    ],
    "kin_viscosity": [
        1.003802829882469e-06,
        "m\u00b2/s"
    ],
    "Re": {
        "main": 56551.4215966802,
        "kc": 95171.90463831543,
        "br_1": 74324.72552706538,
        "br_2": 95171.90463831543,
        "gd_1": 74324.72552706538,
        "gd_2": 95171.90463831543
    }
}