{
    "static_room_pressure_loss": {
        "kitchen": [
            7056.890047289986,
            "Pa"
        ],
        "bathroom": [
            8029.440882715899,
            "Pa"
        ],
        "garden": [
            7649.761260590474,
            "Pa"
        ]
    },
    "density": [
        998.204,
        "kg/m3"
    ],
    "gravity": [
        9.82,
        "m/s2"
    ],
    "room_height": {
        "kitchen": [
            0.7199172123816642,
            "m"
        ],
        "bathroom": [
            0.8191331675187515,
            "m"
        ],
        "garden": [
            0.7803996895522601,
            "m"
        ]
    },
    "pipe": {
        "main": {
            "diameter": [
                0.00138,
                "m"
            ],
            "area": [
                2.9914245247482006e-06,
                "m2"
            ]
        },
        "kc": {
            "diameter": [
                0.00082,
                "m"
            ],
            "area": [
                1.0562034501368885e-06,
                "m2"
            ]
        },
        "br_1": {
            "diameter": [
                0.0010500000000000002,
                "m"
            ],
            "area": [
                1.7318029502913738e-06,
                "m2"
            ]
        },
        "br_2": {
            "diameter": [
                0.00082,
                "m"
            ],
            "area": [
                1.0562034501368885e-06,
                "m2"
            ]
        },
        "gd_1": {
            "diameter": [
                0.0010500000000000002,
                "m"
            ],
            "area": [
                1.7318029502913738e-06,
                "m2"
            ]
        },
        "gd_2": {
            "diameter": [
                0.00082,
                "m"
            ],
            "area": [
                1.0562034501368885e-06,
                "m2"
            ]
        }
    },
    "flow": [
        0.00012305263157894736,
        "m3/s"
    ],
    "pressure": [
        339311.00478468894,
        "Pa"
    ],
    "room_pressure": {
        "kitchen": [
            328406.69856459333,
            "Pa"
        ],
        "bathroom": [
            315306.2200956938,
            "Pa"
        ],
        "garden": [
            327942.5837320574,
            "Pa"
        ]
    },
    "temp": [
        293.15,
        "K"
    ],
    "dyn_viscosity": [
        0.001002,
        "N*s/m2"
    ],
    "kin_viscosity": [
        1.003802829882469e-06,
        "m2/s"
    ],
    "Re": {
        "main": 56551.4215966802,
        "kc": 95171.90463831543,
        "br_1": 74324.72552706538,
        "br_2": 95171.90463831543,
        "gd_1": 74324.72552706538,
        "gd_2": 95171.90463831543
    },
    "hOhm": "kg/(m^4 * s)",
    "pipe_pressure": {
        "kitchen": [
            10904.306220095605,
            "Pa"
        ],
        "bathroom": [
            24004.78468899516,
            "Pa"
        ],
        "garden": [
            11368.421052631515,
            "Pa"
        ]
    },
    "R_pipe": {
        "kitchen": [
            254089872018.67108,
            "hOhm"
        ],
        "bathroom": [
            1055038727518.7158,
            "hOhm"
        ],
        "garden": [
            245586582839.481,
            "hOhm"
        ]
    },
    "R_appliance": {
        "kitchen": [
            21688533878439.785,
            "hOhm"
        ],
        "bathroom": [
            20823356120682.77,
            "hOhm"
        ],
        "garden": [
            21657882949841.383,
            "hOhm"
        ]
    },
    "R_total": {
        "kitchen": [
            21942623750458.457,
            "hOhm"
        ],
        "bathroom": [
            21878394848201.484,
            "hOhm"
        ],
        "garden": [
            21903469532680.863,
            "hOhm"
        ]
    }
}