{
    "pressure": [
        384000.0000000002,
        "Pa"
    ],
    "room_pressure": {
        "kitchen": [
            377000.0000000001,
            "Pa"
        ],
        "bathroom": [
            375999.99999999994,
            "Pa"
        ],
        "garden": [
            0.0,
            "Pa"
        ]
    },
    "room_pressure_diff": {
        "kitchen": [
            7000.000000000058,
            "Pa"
        ],
        "bathroom": [
            8000.000000000233,
            "Pa"
        ],
        "garden": [
            384000.0000000002,
            "Pa"
        ]
    }
}