{
    "pressure": [
        426999.99999999977,
        "Pa"
    ],
    "room_pressure": {
        "kitchen": [
            420000.0000000001,
            "Pa"
        ],
        "bathroom": [
            419000.00000000006,
            "Pa"
        ],
        "garden": [
            0.0,
            "Pa"
        ]
    },
    "room_pressure_diff": {
        "kitchen": [
            6999.999999999651,
            "Pa"
        ],
        "bathroom": [
            7999.999999999709,
            "Pa"
        ],
        "garden": [
            426999.99999999977,
            "Pa"
        ]
    }
}