{
    "flow": [
        0.00043202915451895043,
        "m3/s"
    ],
    "pressure": [
        378072.8862973762,
        "Pa"
    ],
    "room_pressure": {
        "kitchen": [
            308825.07288629736,
            "Pa"
        ],
        "bathroom": [
            315472.3032069971,
            "Pa"
        ],
        "garden": [
            330265.306122449,
            "Pa"
        ]
    },
    "hOhm": "kg/(m^4 * s)",
    "R_total": [
        875109659.4820026,
        "hOhm"
    ],
    "pipe_pressure": {
        "kitchen": [
            69247.81341107882,
            "Pa"
        ],
        "bathroom": [
            62600.58309037908,
            "Pa"
        ],
        "garden": [
            47807.58017492719,
            "Pa"
        ]
    },
    "R_pipe": {
        "kitchen": [
            160285047.17044818,
            "hOhm"
        ],
        "bathroom": [
            144898978.31104168,
            "hOhm"
        ],
        "garden": [
            110658226.8230469,
            "hOhm"
        ]
    },
    "R_appliance": {
        "kitchen": [
            714824612.3115544,
            "hOhm"
        ],
        "bathroom": [
            730210681.1709609,
            "hOhm"
        ],
        "garden": [
            764451432.6589557,
            "hOhm"
        ]
    },
    "pipe": {
        "main": {
            "diameter": [
                0.00138,
                "m"
            ],
            "area": [
                2.9914245247482006e-06,
                "m\u00b2"
            ],
            "length": [
                6,
                "m"
            ]
        },
        "kc": {
            "diameter": [
                0.00082,
                "m"
            ],
            "area": [
                1.0562034501368885e-06,
                "m\u00b2"
            ],
            "length": [
                3,
                "m"
            ]
        },
        "br_1": {
            "diameter": [
                0.0010500000000000002,
                "m"
            ],
            "area": [
                1.7318029502913738e-06,
                "m\u00b2"
            ],
            "length": [
                6,
                "m"
            ]
        },
        "br_2": {
            "diameter": [
                0.00082,
                "m"
            ],
            "area": [
                1.0562034501368885e-06,
                "m\u00b2"
            ],
            "length": [
                3,
                "m"
            ]
        },
        "gd_1": {
            "diameter": [
                0.0010500000000000002,
                "m"
            ],
            "area": [
                1.7318029502913738e-06,
                "m\u00b2"
            ],
            "length": [
                12,
                "m"
            ]
        },
        "gd_2": {
            "diameter": [
                0.00082,
                "m"
            ],
            "area": [
                1.0562034501368885e-06,
                "m\u00b2"
            ],
            "length": [
                3,
                "m"
            ]
        }
    },
    "temp": [
        293.15,
        "\u00b0C"
    ],
    "density": [
        998.204,
        "kg/m\u00b3"
    ],
    "dyn_viscosity": [
        0.001002,
        "N*s/m\u00b2"
    ],
    "kin_viscosity": [
        1.003802829882469e-06,
        "m\u00b2/s"
    ],
    "Re": {
        "main": 198548.07285111668,
        "kc": 334141.87870065967,
        "br_1": 260948.89574718187,
        "br_2": 334141.87870065967,
        "gd_1": 260948.89574718187,
        "gd_2": 334141.87870065967
    }
}