{
    "static_room_pressure_loss": {
        "kitchen": [
            7056.890047289986,
            "Pa"
        ],
        "bathroom": [
            8029.440882715899,
            "Pa"
        ],
        "garden": [
            7649.761260590474,
            "Pa"
        ]
    },
    "density": [
        998.204,
        "kg/m3"
    ],
    "gravity": [
        9.82,
        "m/s2"
    ],
    "room_height": {
        "kitchen": [
            0.7199172123816642,
            "m"
        ],
        "bathroom": [
            0.8191331675187515,
            "m"
        ],
        "garden": [
            0.7803996895522601,
            "m"
        ]
    },
    "pipe": {
        "main": {
            "diameter": [
                0.00138,
                "m"
            ],
            "area": [
                2.9914245247482006e-06,
                "m2"
            ]
        },
        "kc": {
            "diameter": [
                0.00082,
                "m"
            ],
            "area": [
                1.0562034501368885e-06,
                "m2"
            ]
        },
        "br_1": {
            "diameter": [
                0.0010500000000000002,
                "m"
            ],
            "area": [
                1.7318029502913738e-06,
                "m2"
            ]
        },
        "br_2": {
            "diameter": [
                0.00082,
                "m"
            ],
            "area": [
                1.0562034501368885e-06,
                "m2"
            ]
        },
        "gd_1": {
            "diameter": [
                0.0010500000000000002,
                "m"
            ],
            "area": [
                1.7318029502913738e-06,
                "m2"
            ]
        },
        "gd_2": {
            "diameter": [
                0.00082,
                "m"
            ],
            "area": [
                1.0562034501368885e-06,
                "m2"
            ]
        }
    },
    "flow": [
        0.00043224580335731404,
        "m3/s"
    ],
    "pressure": [
        378081.5347721824,
        "Pa"
    ],
    "room_pressure": {
        "kitchen": [
            308760.1918465228,
            "Pa"
        ],
        "bathroom": [
            315407.6738609113,
            "Pa"
        ],
        "garden": [
            330223.0215827338,
            "Pa"
        ]
    },
    "temp": [
        293.15,
        "\u00b0C"
    ],
    "dyn_viscosity": [
        0.001002,
        "N*s/m2"
    ],
    "kin_viscosity": [
        1.003802829882469e-06,
        "m2/s"
    ],
    "Re": {
        "main": 198647.63837555546,
        "kc": 334309.4401930079,
        "br_1": 261079.75329358716,
        "br_2": 334309.4401930079,
        "gd_1": 261079.75329358716,
        "gd_2": 334309.4401930079
    },
    "hOhm": "kg/(m^4 * s)",
    "pipe_pressure": {
        "kitchen": [
            69321.34292565961,
            "Pa"
        ],
        "bathroom": [
            62673.86091127113,
            "Pa"
        ],
        "garden": [
            47858.513189448626,
            "Pa"
        ]
    },
    "R_pipe": {
        "kitchen": [
            333256482004.32355,
            "hOhm"
        ],
        "bathroom": [
            292471969768.3105,
            "hOhm"
        ],
        "garden": [
            215208302557.02548,
            "hOhm"
        ]
    },
    "R_appliance": {
        "kitchen": [
            1652569492881.514,
            "hOhm"
        ],
        "bathroom": [
            1688148645478.0947,
            "hOhm"
        ],
        "garden": [
            1767444462484.471,
            "hOhm"
        ]
    },
    "R_total": {
        "kitchen": [
            1985825974885.8374,
            "hOhm"
        ],
        "bathroom": [
            1980620615246.4053,
            "hOhm"
        ],
        "garden": [
            1982652765041.4963,
            "hOhm"
        ]
    }
}