,FT0101[l/m],PT0102[Bar],PT0201[Bar],PT0202[Bar],PT0203[Bar],outlet_pressure[Bar],PT0106
count,343.0,343.0,343.0,343.0,343.0,343.0,343.0
mean,25.921749271137024,3.780728862973762,3.088250728862974,3.154723032069971,3.3026530612244898,3.9149329446064143,3.7710495626822165
std,0.08883835174458868,0.0026032954017947097,0.01028119803782305,0.006522271347330551,0.01046935297487934,0.0020010653054240404,0.003069448316243212
min,25.7,3.78,3.06,3.14,3.27,3.91,3.77
25%,25.87,3.78,3.08,3.15,3.3,3.914,3.77
50%,25.93,3.78,3.09,3.15,3.3,3.915,3.77
75%,25.98,3.78,3.09,3.16,3.31,3.916,3.77
max,26.11,3.79,3.12,3.17,3.33,3.922,3.78
