{
    "flow": [
        0.00013288068709377902,
        "m3/s"
    ],
    "pressure": [
        387470.7520891366,
        "Pa"
    ],
    "room_pressure": {
        "kitchen": [
            376128.1337047354,
            "Pa"
        ],
        "bathroom": [
            361133.7047353761,
            "Pa"
        ],
        "garden": [
            375618.38440111413,
            "Pa"
        ]
    },
    "hOhm": "kg/(m^4 * s)",
    "R_total": [
        2915929775.5262475,
        "hOhm"
    ],
    "pipe_pressure": {
        "kitchen": [
            11342.618384401198,
            "Pa"
        ],
        "bathroom": [
            26337.047353760456,
            "Pa"
        ],
        "garden": [
            11852.367688022438,
            "Pa"
        ]
    },
    "R_pipe": {
        "kitchen": [
            85359420.03668505,
            "hOhm"
        ],
        "bathroom": [
            198200716.21975726,
            "hOhm"
        ],
        "garden": [
            89195562.93126152,
            "hOhm"
        ]
    },
    "R_appliance": {
        "kitchen": [
            2830570355.4895625,
            "hOhm"
        ],
        "bathroom": [
            2717729059.3064904,
            "hOhm"
        ],
        "garden": [
            2826734212.594986,
            "hOhm"
        ]
    }
}