{
    "static_room_pressure_loss": {
        "kitchen": [
            7056.890047289986,
            "Pa"
        ],
        "bathroom": [
            8029.440882715899,
            "Pa"
        ],
        "garden": [
            7649.761260590474,
            "Pa"
        ]
    },
    "density": [
        998.204,
        "kg/m3"
    ],
    "gravity": [
        9.82,
        "m/s2"
    ],
    "room_height": {
        "kitchen": [
            0.7199172123816642,
            "m"
        ],
        "bathroom": [
            0.8191331675187515,
            "m"
        ],
        "garden": [
            0.7803996895522601,
            "m"
        ]
    },
    "pipe": {
        "main": {
            "diameter": [
                0.00138,
                "m"
            ],
            "area": [
                2.9914245247482006e-06,
                "m2"
            ]
        },
        "kc": {
            "diameter": [
                0.00082,
                "m"
            ],
            "area": [
                1.0562034501368885e-06,
                "m2"
            ]
        },
        "br_1": {
            "diameter": [
                0.0010500000000000002,
                "m"
            ],
            "area": [
                1.7318029502913738e-06,
                "m2"
            ]
        },
        "br_2": {
            "diameter": [
                0.00082,
                "m"
            ],
            "area": [
                1.0562034501368885e-06,
                "m2"
            ]
        },
        "gd_1": {
            "diameter": [
                0.0010500000000000002,
                "m"
            ],
            "area": [
                1.7318029502913738e-06,
                "m2"
            ]
        },
        "gd_2": {
            "diameter": [
                0.00082,
                "m"
            ],
            "area": [
                1.0562034501368885e-06,
                "m2"
            ]
        }
    },
    "flow": [
        0.00013288068709377902,
        "m3/s"
    ],
    "pressure": [
        387470.7520891366,
        "Pa"
    ],
    "room_pressure": {
        "kitchen": [
            376128.1337047354,
            "Pa"
        ],
        "bathroom": [
            361133.7047353761,
            "Pa"
        ],
        "garden": [
            375618.38440111413,
            "Pa"
        ]
    },
    "temp": [
        293.15,
        "\u00b0C"
    ],
    "dyn_viscosity": [
        0.001002,
        "N*s/m2"
    ],
    "kin_viscosity": [
        1.003802829882469e-06,
        "m2/s"
    ],
    "Re": {
        "main": 61068.11094954659,
        "kc": 102773.16232972474,
        "br_1": 80260.94581940408,
        "br_2": 102773.16232972474,
        "gd_1": 80260.94581940408,
        "gd_2": 102773.16232972474
    },
    "hOhm": "kg/(m^4 * s)",
    "pipe_pressure": {
        "kitchen": [
            11342.618384401198,
            "Pa"
        ],
        "bathroom": [
            26337.047353760456,
            "Pa"
        ],
        "garden": [
            11852.367688022438,
            "Pa"
        ]
    },
    "R_pipe": {
        "kitchen": [
            242717398413.17682,
            "hOhm"
        ],
        "bathroom": [
            1036830677144.4501,
            "hOhm"
        ],
        "garden": [
            238009882658.20453,
            "hOhm"
        ]
    },
    "R_appliance": {
        "kitchen": [
            21301593311990.625,
            "hOhm"
        ],
        "bathroom": [
            20452400711839.215,
            "hOhm"
        ],
        "garden": [
            21272724234184.992,
            "hOhm"
        ]
    },
    "R_total": {
        "kitchen": [
            21544310710403.8,
            "hOhm"
        ],
        "bathroom": [
            21489231388983.664,
            "hOhm"
        ],
        "garden": [
            21510734116843.195,
            "hOhm"
        ]
    }
}