{
    "flow": [
        0.00013288068709377902,
        "m3/s"
    ],
    "pressure": [
        387470.7520891366,
        "Pa"
    ],
    "room_pressure": {
        "kitchen": [
            376128.1337047354,
            "Pa"
        ],
        "bathroom": [
            361133.7047353761,
            "Pa"
        ],
        "garden": [
            375618.38440111413,
            "Pa"
        ]
    },
    "hOhm": "kg/(m^4 * s)",
    "R_total": [
        2915929775.5262475,
        "hOhm"
    ],
    "pipe_pressure": {
        "kitchen": [
            11342.618384401198,
            "Pa"
        ],
        "bathroom": [
            26337.047353760456,
            "Pa"
        ],
        "garden": [
            11852.367688022438,
            "Pa"
        ]
    },
    "R_pipe": {
        "kitchen": [
            85359420.03668505,
            "hOhm"
        ],
        "bathroom": [
            198200716.21975726,
            "hOhm"
        ],
        "garden": [
            89195562.93126152,
            "hOhm"
        ]
    },
    "R_appliance": {
        "kitchen": [
            2830570355.4895625,
            "hOhm"
        ],
        "bathroom": [
            2717729059.3064904,
            "hOhm"
        ],
        "garden": [
            2826734212.594986,
            "hOhm"
        ]
    },
    "pipe": {
        "main": {
            "diameter": [
                0.00138,
                "m"
            ],
            "area": [
                2.9914245247482006e-06,
                "m\u00b2"
            ],
            "length": [
                6,
                "m"
            ]
        },
        "kc": {
            "diameter": [
                0.00082,
                "m"
            ],
            "area": [
                1.0562034501368885e-06,
                "m\u00b2"
            ],
            "length": [
                3,
                "m"
            ]
        },
        "br_1": {
            "diameter": [
                0.0010500000000000002,
                "m"
            ],
            "area": [
                1.7318029502913738e-06,
                "m\u00b2"
            ],
            "length": [
                6,
                "m"
            ]
        },
        "br_2": {
            "diameter": [
                0.00082,
                "m"
            ],
            "area": [
                1.0562034501368885e-06,
                "m\u00b2"
            ],
            "length": [
                3,
                "m"
            ]
        },
        "gd_1": {
            "diameter": [
                0.0010500000000000002,
                "m"
            ],
            "area": [
                1.7318029502913738e-06,
                "m\u00b2"
            ],
            "length": [
                12,
                "m"
            ]
        },
        "gd_2": {
            "diameter": [
                0.00082,
                "m"
            ],
            "area": [
                1.0562034501368885e-06,
                "m\u00b2"
            ],
            "length": [
                3,
                "m"
            ]
        }
    },
    "temp": [
        293.15,
        "\u00b0C"
    ],
    "density": [
        998.204,
        "kg/m\u00b3"
    ],
    "dyn_viscosity": [
        0.001002,
        "N*s/m\u00b2"
    ],
    "kin_viscosity": [
        1.003802829882469e-06,
        "m\u00b2/s"
    ],
    "Re": {
        "main": 61068.11094954659,
        "kc": 102773.16232972474,
        "br_1": 80260.94581940408,
        "br_2": 102773.16232972474,
        "gd_1": 80260.94581940408,
        "gd_2": 102773.16232972474
    }
}