{
    "pressure": [
        425999.9999999999,
        "Pa"
    ],
    "room_pressure": {
        "kitchen": [
            419000.00000000006,
            "Pa"
        ],
        "bathroom": [
            417994.31818181806,
            "Pa"
        ],
        "garden": [
            0.0,
            "Pa"
        ]
    },
    "room_pressure_diff": {
        "kitchen": [
            6999.999999999825,
            "Pa"
        ],
        "bathroom": [
            8005.6818181818235,
            "Pa"
        ],
        "garden": [
            425999.9999999999,
            "Pa"
        ]
    }
}