{
    "pressure": [
        443000.0,
        "Pa"
    ],
    "room_pressure": {
        "kitchen": [
            436000.0000000001,
            "Pa"
        ],
        "bathroom": [
            435000.00000000006,
            "Pa"
        ],
        "garden": [
            0.0,
            "Pa"
        ]
    },
    "room_pressure_diff": {
        "kitchen": [
            6999.999999999884,
            "Pa"
        ],
        "bathroom": [
            7999.999999999942,
            "Pa"
        ],
        "garden": [
            443000.0,
            "Pa"
        ]
    }
}