{
    "pressure": [
        417000.00000000006,
        "Pa"
    ],
    "room_pressure": {
        "kitchen": [
            409801.3245033113,
            "Pa"
        ],
        "bathroom": [
            408748.3443708609,
            "Pa"
        ],
        "garden": [
            409019.867549669,
            "Pa"
        ]
    },
    "room_pressure_diff": {
        "kitchen": [
            7198.675496688753,
            "Pa"
        ],
        "bathroom": [
            8251.65562913916,
            "Pa"
        ],
        "garden": [
            7980.132450331061,
            "Pa"
        ]
    }
}