{
    "pressure": [
        415999.99999999994,
        "Pa"
    ],
    "room_pressure": {
        "kitchen": [
            408676.92307692306,
            "Pa"
        ],
        "bathroom": [
            407934.6153846154,
            "Pa"
        ],
        "garden": [
            408015.3846153845,
            "Pa"
        ]
    },
    "room_pressure_diff": {
        "kitchen": [
            7323.076923076878,
            "Pa"
        ],
        "bathroom": [
            8065.384615384566,
            "Pa"
        ],
        "garden": [
            7984.615384615434,
            "Pa"
        ]
    }
}