{
    "pressure": [
        341005.95238095237,
        "Pa"
    ],
    "room_pressure": {
        "kitchen": [
            334047.61904761905,
            "Pa"
        ],
        "bathroom": [
            333113.0952380952,
            "Pa"
        ],
        "garden": [
            0.0,
            "Pa"
        ]
    },
    "room_pressure_diff": {
        "kitchen": [
            6958.333333333314,
            "Pa"
        ],
        "bathroom": [
            7892.8571428571595,
            "Pa"
        ],
        "garden": [
            341005.95238095237,
            "Pa"
        ]
    }
}