{
    "static_room_pressure_loss": {
        "kitchen": [
            7056.890047289986,
            "Pa"
        ],
        "bathroom": [
            8029.440882715899,
            "Pa"
        ],
        "garden": [
            7649.761260590474,
            "Pa"
        ]
    },
    "density": [
        998.204,
        "kg/m3"
    ],
    "gravity": [
        9.82,
        "m/s2"
    ],
    "room_height": {
        "kitchen": [
            0.7199172123816642,
            "m"
        ],
        "bathroom": [
            0.8191331675187515,
            "m"
        ],
        "garden": [
            0.7803996895522601,
            "m"
        ]
    },
    "pipe": {
        "main": {
            "diameter": [
                0.00138,
                "m"
            ],
            "area": [
                2.9914245247482006e-06,
                "m2"
            ]
        },
        "kc": {
            "diameter": [
                0.00082,
                "m"
            ],
            "area": [
                1.0562034501368885e-06,
                "m2"
            ]
        },
        "br_1": {
            "diameter": [
                0.0010500000000000002,
                "m"
            ],
            "area": [
                1.7318029502913738e-06,
                "m2"
            ]
        },
        "br_2": {
            "diameter": [
                0.00082,
                "m"
            ],
            "area": [
                1.0562034501368885e-06,
                "m2"
            ]
        },
        "gd_1": {
            "diameter": [
                0.0010500000000000002,
                "m"
            ],
            "area": [
                1.7318029502913738e-06,
                "m2"
            ]
        },
        "gd_2": {
            "diameter": [
                0.00082,
                "m"
            ],
            "area": [
                1.0562034501368885e-06,
                "m2"
            ]
        }
    },
    "flow": [
        7.732192339038306e-05,
        "m3/s"
    ],
    "pressure": [
        339550.12224938866,
        "Pa"
    ],
    "room_pressure": {
        "kitchen": [
            330902.2004889975,
            "Pa"
        ],
        "bathroom": [
            325039.1198044009,
            "Pa"
        ],
        "garden": [
            330336.18581907084,
            "Pa"
        ]
    },
    "temp": [
        293.15,
        "\u00b0C"
    ],
    "dyn_viscosity": [
        0.001002,
        "N*s/m2"
    ],
    "kin_viscosity": [
        1.003802829882469e-06,
        "m2/s"
    ],
    "Re": {
        "main": 35534.914062446296,
        "kc": 59802.66025143401,
        "br_1": 46703.0299106437,
        "br_2": 59802.66025143401,
        "gd_1": 46703.0299106437,
        "gd_2": 59802.66025143401
    },
    "hOhm": "kg/(m^4 * s)",
    "pipe_pressure": {
        "kitchen": [
            8647.921760391153,
            "Pa"
        ],
        "bathroom": [
            14511.002444987767,
            "Pa"
        ],
        "garden": [
            9213.936430317815,
            "Pa"
        ]
    },
    "R_pipe": {
        "kitchen": [
            266117563832.59778,
            "hOhm"
        ],
        "bathroom": [
            1084112502962.4847,
            "hOhm"
        ],
        "garden": [
            261625511388.41586,
            "hOhm"
        ]
    },
    "R_appliance": {
        "kitchen": [
            55347034717075.16,
            "hOhm"
        ],
        "bathroom": [
            54366369947485.12,
            "hOhm"
        ],
        "garden": [
            55252362534356.19,
            "hOhm"
        ]
    },
    "R_total": {
        "kitchen": [
            55613152280907.76,
            "hOhm"
        ],
        "bathroom": [
            55450482450447.6,
            "hOhm"
        ],
        "garden": [
            55513988045744.6,
            "hOhm"
        ]
    }
}