{
    "flow": [
        7.732192339038306e-05,
        "m3/s"
    ],
    "pressure": [
        339550.12224938866,
        "Pa"
    ],
    "room_pressure": {
        "kitchen": [
            330902.2004889975,
            "Pa"
        ],
        "bathroom": [
            325039.1198044009,
            "Pa"
        ],
        "garden": [
            330336.18581907084,
            "Pa"
        ]
    },
    "hOhm": "kg/(m^4 * s)",
    "R_total": [
        4391382254.35841,
        "hOhm"
    ],
    "pipe_pressure": {
        "kitchen": [
            8647.921760391153,
            "Pa"
        ],
        "bathroom": [
            14511.002444987767,
            "Pa"
        ],
        "garden": [
            9213.936430317815,
            "Pa"
        ]
    },
    "R_pipe": {
        "kitchen": [
            111843076.07985267,
            "hOhm"
        ],
        "bathroom": [
            187669962.2657418,
            "hOhm"
        ],
        "garden": [
            119163311.3392495,
            "hOhm"
        ]
    },
    "R_appliance": {
        "kitchen": [
            4279539178.2785573,
            "hOhm"
        ],
        "bathroom": [
            4203712292.092668,
            "hOhm"
        ],
        "garden": [
            4272218943.0191603,
            "hOhm"
        ]
    }
}