{
    "flow": [
        7.732192339038306e-05,
        "m3/s"
    ],
    "pressure": [
        339550.12224938866,
        "Pa"
    ],
    "room_pressure": {
        "kitchen": [
            330902.2004889975,
            "Pa"
        ],
        "bathroom": [
            325039.1198044009,
            "Pa"
        ],
        "garden": [
            330336.18581907084,
            "Pa"
        ]
    },
    "hOhm": "kg/(m^4 * s)",
    "R_total": [
        4391382254.35841,
        "hOhm"
    ],
    "pipe_pressure": {
        "kitchen": [
            8647.921760391153,
            "Pa"
        ],
        "bathroom": [
            14511.002444987767,
            "Pa"
        ],
        "garden": [
            9213.936430317815,
            "Pa"
        ]
    },
    "R_pipe": {
        "kitchen": [
            111843076.07985267,
            "hOhm"
        ],
        "bathroom": [
            187669962.2657418,
            "hOhm"
        ],
        "garden": [
            119163311.3392495,
            "hOhm"
        ]
    },
    "R_appliance": {
        "kitchen": [
            4279539178.2785573,
            "hOhm"
        ],
        "bathroom": [
            4203712292.092668,
            "hOhm"
        ],
        "garden": [
            4272218943.0191603,
            "hOhm"
        ]
    },
    "pipe": {
        "main": {
            "diameter": [
                0.00138,
                "m"
            ],
            "area": [
                2.9914245247482006e-06,
                "m\u00b2"
            ],
            "length": [
                6,
                "m"
            ]
        },
        "kc": {
            "diameter": [
                0.00082,
                "m"
            ],
            "area": [
                1.0562034501368885e-06,
                "m\u00b2"
            ],
            "length": [
                3,
                "m"
            ]
        },
        "br_1": {
            "diameter": [
                0.0010500000000000002,
                "m"
            ],
            "area": [
                1.7318029502913738e-06,
                "m\u00b2"
            ],
            "length": [
                6,
                "m"
            ]
        },
        "br_2": {
            "diameter": [
                0.00082,
                "m"
            ],
            "area": [
                1.0562034501368885e-06,
                "m\u00b2"
            ],
            "length": [
                3,
                "m"
            ]
        },
        "gd_1": {
            "diameter": [
                0.0010500000000000002,
                "m"
            ],
            "area": [
                1.7318029502913738e-06,
                "m\u00b2"
            ],
            "length": [
                12,
                "m"
            ]
        },
        "gd_2": {
            "diameter": [
                0.00082,
                "m"
            ],
            "area": [
                1.0562034501368885e-06,
                "m\u00b2"
            ],
            "length": [
                3,
                "m"
            ]
        }
    },
    "temp": [
        293.15,
        "\u00b0C"
    ],
    "density": [
        998.204,
        "kg/m\u00b3"
    ],
    "dyn_viscosity": [
        0.001002,
        "N*s/m\u00b2"
    ],
    "kin_viscosity": [
        1.003802829882469e-06,
        "m\u00b2/s"
    ],
    "Re": {
        "main": 35534.914062446296,
        "kc": 59802.66025143401,
        "br_1": 46703.0299106437,
        "br_2": 59802.66025143401,
        "gd_1": 46703.0299106437,
        "gd_2": 59802.66025143401
    }
}