{
    "static_room_pressure_loss": {
        "kitchen": [
            7056.890047289986,
            "Pa"
        ],
        "bathroom": [
            8029.440882715899,
            "Pa"
        ],
        "garden": [
            7649.761260590474,
            "Pa"
        ]
    },
    "density": [
        998.204,
        "kg/m3"
    ],
    "gravity": [
        9.82,
        "m/s2"
    ],
    "room_height": {
        "kitchen": [
            0.7199172123816642,
            "m"
        ],
        "bathroom": [
            0.8191331675187515,
            "m"
        ],
        "garden": [
            0.7803996895522601,
            "m"
        ]
    },
    "pipe": {
        "main": {
            "diameter": [
                0.00138,
                "m"
            ],
            "area": [
                2.9914245247482006e-06,
                "m2"
            ]
        },
        "kc": {
            "diameter": [
                0.00082,
                "m"
            ],
            "area": [
                1.0562034501368885e-06,
                "m2"
            ]
        },
        "br_1": {
            "diameter": [
                0.0010500000000000002,
                "m"
            ],
            "area": [
                1.7318029502913738e-06,
                "m2"
            ]
        },
        "br_2": {
            "diameter": [
                0.00082,
                "m"
            ],
            "area": [
                1.0562034501368885e-06,
                "m2"
            ]
        },
        "gd_1": {
            "diameter": [
                0.0010500000000000002,
                "m"
            ],
            "area": [
                1.7318029502913738e-06,
                "m2"
            ]
        },
        "gd_2": {
            "diameter": [
                0.00082,
                "m"
            ],
            "area": [
                1.0562034501368885e-06,
                "m2"
            ]
        }
    },
    "flow": [
        0.00011402401620370373,
        "m3/s"
    ],
    "pressure": [
        339350.69444444444,
        "Pa"
    ],
    "room_pressure": {
        "kitchen": [
            328911.45833333326,
            "Pa"
        ],
        "bathroom": [
            317684.0277777778,
            "Pa"
        ],
        "garden": [
            328461.80555555556,
            "Pa"
        ]
    },
    "temp": [
        293.15,
        "\u00b0C"
    ],
    "dyn_viscosity": [
        0.001002,
        "N*s/m2"
    ],
    "kin_viscosity": [
        1.003802829882469e-06,
        "m2/s"
    ],
    "Re": {
        "main": 52402.13175242281,
        "kc": 88188.95343700422,
        "br_1": 68871.37316032712,
        "br_2": 88188.95343700422,
        "gd_1": 68871.37316032712,
        "gd_2": 88188.95343700422
    },
    "hOhm": "kg/(m^4 * s)",
    "pipe_pressure": {
        "kitchen": [
            10439.236111111182,
            "Pa"
        ],
        "bathroom": [
            21666.666666666628,
            "Pa"
        ],
        "garden": [
            10888.888888888876,
            "Pa"
        ]
    },
    "R_pipe": {
        "kitchen": [
            260150923884.52008,
            "hOhm"
        ],
        "bathroom": [
            1048898255818.4879,
            "hOhm"
        ],
        "garden": [
            249135372070.62378,
            "hOhm"
        ]
    },
    "R_appliance": {
        "kitchen": [
            25298008585482.473,
            "hOhm"
        ],
        "bathroom": [
            24434458145413.887,
            "hOhm"
        ],
        "garden": [
            25263423837689.414,
            "hOhm"
        ]
    },
    "R_total": {
        "kitchen": [
            25558159509366.992,
            "hOhm"
        ],
        "bathroom": [
            25483356401232.375,
            "hOhm"
        ],
        "garden": [
            25512559209760.04,
            "hOhm"
        ]
    }
}