{
    "flow": [
        0.00011402401620370373,
        "m3/s"
    ],
    "pressure": [
        339350.69444444444,
        "Pa"
    ],
    "room_pressure": {
        "kitchen": [
            328911.45833333326,
            "Pa"
        ],
        "bathroom": [
            317684.0277777778,
            "Pa"
        ],
        "garden": [
            328461.80555555556,
            "Pa"
        ]
    },
    "hOhm": "kg/(m^4 * s)",
    "R_total": [
        2976133500.140838,
        "hOhm"
    ],
    "pipe_pressure": {
        "kitchen": [
            10439.236111111182,
            "Pa"
        ],
        "bathroom": [
            21666.666666666628,
            "Pa"
        ],
        "garden": [
            10888.888888888876,
            "Pa"
        ]
    },
    "R_pipe": {
        "kitchen": [
            91552959.26834837,
            "hOhm"
        ],
        "bathroom": [
            190018448.63944417,
            "hOhm"
        ],
        "garden": [
            95496451.11110534,
            "hOhm"
        ]
    },
    "R_appliance": {
        "kitchen": [
            2884580540.87249,
            "hOhm"
        ],
        "bathroom": [
            2786115051.501394,
            "hOhm"
        ],
        "garden": [
            2880637049.0297327,
            "hOhm"
        ]
    },
    "pipe": {
        "main": {
            "diameter": [
                0.00138,
                "m"
            ],
            "area": [
                2.9914245247482006e-06,
                "m\u00b2"
            ],
            "length": [
                6,
                "m"
            ]
        },
        "kc": {
            "diameter": [
                0.00082,
                "m"
            ],
            "area": [
                1.0562034501368885e-06,
                "m\u00b2"
            ],
            "length": [
                3,
                "m"
            ]
        },
        "br_1": {
            "diameter": [
                0.0010500000000000002,
                "m"
            ],
            "area": [
                1.7318029502913738e-06,
                "m\u00b2"
            ],
            "length": [
                6,
                "m"
            ]
        },
        "br_2": {
            "diameter": [
                0.00082,
                "m"
            ],
            "area": [
                1.0562034501368885e-06,
                "m\u00b2"
            ],
            "length": [
                3,
                "m"
            ]
        },
        "gd_1": {
            "diameter": [
                0.0010500000000000002,
                "m"
            ],
            "area": [
                1.7318029502913738e-06,
                "m\u00b2"
            ],
            "length": [
                12,
                "m"
            ]
        },
        "gd_2": {
            "diameter": [
                0.00082,
                "m"
            ],
            "area": [
                1.0562034501368885e-06,
                "m\u00b2"
            ],
            "length": [
                3,
                "m"
            ]
        }
    },
    "temp": [
        293.15,
        "\u00b0C"
    ],
    "density": [
        998.204,
        "kg/m\u00b3"
    ],
    "dyn_viscosity": [
        0.001002,
        "N*s/m\u00b2"
    ],
    "kin_viscosity": [
        1.003802829882469e-06,
        "m\u00b2/s"
    ],
    "Re": {
        "main": 52402.13175242281,
        "kc": 88188.95343700422,
        "br_1": 68871.37316032712,
        "br_2": 88188.95343700422,
        "gd_1": 68871.37316032712,
        "gd_2": 88188.95343700422
    }
}