{
    "flow": [
        0.0002788708661417323,
        "m3/s"
    ],
    "pressure": [
        338828.3464566929,
        "Pa"
    ],
    "room_pressure": {
        "kitchen": [
            294423.6220472441,
            "Pa"
        ],
        "bathroom": [
            313061.41732283466,
            "Pa"
        ],
        "garden": [
            313395.2755905512,
            "Pa"
        ]
    },
    "hOhm": "kg/(m^4 * s)",
    "R_total": [
        1215000875.2957652,
        "hOhm"
    ],
    "pipe_pressure": {
        "kitchen": [
            44404.7244094488,
            "Pa"
        ],
        "bathroom": [
            25766.92913385824,
            "Pa"
        ],
        "garden": [
            25433.0708661417,
            "Pa"
        ]
    },
    "R_pipe": {
        "kitchen": [
            159230417.3749032,
            "hOhm"
        ],
        "bathroom": [
            92397350.39501241,
            "hOhm"
        ],
        "garden": [
            91200171.67091127,
            "hOhm"
        ]
    },
    "R_appliance": {
        "kitchen": [
            1055770457.920862,
            "hOhm"
        ],
        "bathroom": [
            1122603524.9007528,
            "hOhm"
        ],
        "garden": [
            1123800703.6248538,
            "hOhm"
        ]
    }
}