{
    "static_room_pressure_loss": {
        "kitchen": [
            7056.890047289986,
            "Pa"
        ],
        "bathroom": [
            8029.440882715899,
            "Pa"
        ],
        "garden": [
            7649.761260590474,
            "Pa"
        ]
    },
    "density": [
        998.204,
        "kg/m3"
    ],
    "gravity": [
        9.82,
        "m/s2"
    ],
    "room_height": {
        "kitchen": [
            0.7186242410682266,
            "m"
        ],
        "bathroom": [
            0.8176620043498879,
            "m"
        ],
        "garden": [
            0.7789980917098243,
            "m"
        ]
    },
    "pipe": {
        "main": {
            "diameter": [
                0.00138,
                "m"
            ],
            "area": [
                2.9914245247482006e-06,
                "m2"
            ]
        },
        "kc": {
            "diameter": [
                0.00082,
                "m"
            ],
            "area": [
                1.0562034501368885e-06,
                "m2"
            ]
        },
        "br_1": {
            "diameter": [
                0.0010500000000000002,
                "m"
            ],
            "area": [
                1.7318029502913738e-06,
                "m2"
            ]
        },
        "br_2": {
            "diameter": [
                0.00082,
                "m"
            ],
            "area": [
                1.0562034501368885e-06,
                "m2"
            ]
        },
        "gd_1": {
            "diameter": [
                0.0010500000000000002,
                "m"
            ],
            "area": [
                1.7318029502913738e-06,
                "m2"
            ]
        },
        "gd_2": {
            "diameter": [
                0.00082,
                "m"
            ],
            "area": [
                1.0562034501368885e-06,
                "m2"
            ]
        }
    },
    "flow": [
        0.00027904064454064453,
        "m3/s"
    ],
    "pressure": [
        338826.83982683986,
        "Pa"
    ],
    "room_pressure": {
        "kitchen": [
            294385.28138528136,
            "Pa"
        ],
        "bathroom": [
            313056.2770562771,
            "Pa"
        ],
        "garden": [
            313391.05339105334,
            "Pa"
        ]
    },
    "temp": [
        293.15,
        "\u00b0C"
    ],
    "dyn_viscosity": [
        0.001002,
        "N*s/m2"
    ],
    "kin_viscosity": [
        1.003802829882469e-06,
        "m2/s"
    ],
    "Re": {
        "main": 128238.9895246022,
        "kc": 215816.83602920856,
        "br_1": 168542.67194662002,
        "br_2": 215816.83602920856,
        "gd_1": 168542.67194662002,
        "gd_2": 215816.83602920856
    },
    "hOhm": "kg/(m^4 * s)",
    "pipe_pressure": {
        "kitchen": [
            44441.5584415585,
            "Pa"
        ],
        "bathroom": [
            25770.56277056277,
            "Pa"
        ],
        "garden": [
            25435.78643578652,
            "Pa"
        ]
    },
    "R_pipe": {
        "kitchen": [
            480129731440.68115,
            "hOhm"
        ],
        "bathroom": [
            227848485845.44934,
            "hOhm"
        ],
        "garden": [
            228425176885.43375,
            "hOhm"
        ]
    },
    "R_appliance": {
        "kitchen": [
            3780777847243.763,
            "hOhm"
        ],
        "bathroom": [
            4020568663166.037,
            "hOhm"
        ],
        "garden": [
            4024868181621.4014,
            "hOhm"
        ]
    },
    "R_total": {
        "kitchen": [
            4260907578684.4443,
            "hOhm"
        ],
        "bathroom": [
            4248417149011.4863,
            "hOhm"
        ],
        "garden": [
            4253293358506.835,
            "hOhm"
        ]
    }
}