,FT0101[l/m],PT0102[Bar],PT0201[Bar],PT0202[Bar],PT0203[Bar],outlet_pressure[Bar],PT0106
count,635.0,635.0,635.0,635.0,635.0,635.0,635.0
mean,16.732251968503938,3.388283464566929,2.9442362204724413,3.1306141732283463,3.1339527559055114,3.4998708661417317,3.3915433070866143
std,0.06324654683207584,0.005273135351202613,0.011042259441757182,0.010542124637030678,0.012226734339709267,0.0036790418070063186,0.0036155026909667253
min,16.58,3.37,2.91,3.1,3.1,3.491,3.39
25%,16.69,3.39,2.94,3.12,3.13,3.497,3.39
50%,16.74,3.39,2.94,3.13,3.13,3.5,3.39
75%,16.78,3.39,2.95,3.14,3.14,3.502,3.39
max,16.91,3.4,2.98,3.16,3.2,3.51,3.4
