{
    "pressure": [
        424603.7735849058,
        "Pa"
    ],
    "room_pressure": {
        "kitchen": [
            417279.8742138365,
            "Pa"
        ],
        "bathroom": [
            416698.1132075471,
            "Pa"
        ],
        "garden": [
            417031.4465408806,
            "Pa"
        ]
    },
    "room_pressure_diff": {
        "kitchen": [
            7323.899371069274,
            "Pa"
        ],
        "bathroom": [
            7905.6603773586685,
            "Pa"
        ],
        "garden": [
            7572.32704402518,
            "Pa"
        ]
    }
}