{
    "pressure": [
        426999.99999999977,
        "Pa"
    ],
    "room_pressure": {
        "kitchen": [
            419797.6190476191,
            "Pa"
        ],
        "bathroom": [
            418708.33333333326,
            "Pa"
        ],
        "garden": [
            0.0,
            "Pa"
        ]
    },
    "room_pressure_diff": {
        "kitchen": [
            7202.380952380656,
            "Pa"
        ],
        "bathroom": [
            8291.666666666511,
            "Pa"
        ],
        "garden": [
            426999.99999999977,
            "Pa"
        ]
    }
}