,FT0101[l/m],PT0102[Bar],PT0201[Bar],PT0202[Bar],PT0203[Bar],p,outlet_pressure[Bar],p_lo_min[W],p_lo_max[W],pump_output_control_
count,168.0,168.0,168.0,168.0,168.0,168.0,168.0,168.0,168.0,168.0
mean,0.014523809523809526,4.269999999999998,4.197976190476191,4.187083333333333,0.0,0.0,4.29577380952381,0.0,571.0,20.875
std,0.016804958058285868,1.781667335072793e-15,0.004029758140395984,0.00455888507573237,0.0,0.0,0.00044724547443197166,0.0,0.0,1.620185174601965
min,0.0,4.27,4.19,4.18,0.0,0.0,4.295,0.0,571.0,0.0
25%,0.0,4.27,4.2,4.18,0.0,0.0,4.296,0.0,571.0,21.0
50%,0.01,4.27,4.2,4.19,0.0,0.0,4.296,0.0,571.0,21.0
75%,0.03,4.27,4.2,4.19,0.0,0.0,4.296,0.0,571.0,21.0
max,0.07,4.27,4.2,4.19,0.0,0.0,4.297,0.0,571.0,21.0
