{
    "flow": [
        0.00031288364779874213,
        "m3/s"
    ],
    "pressure": [
        387009.43396226416,
        "Pa"
    ],
    "room_pressure": {
        "kitchen": [
            333298.7421383647,
            "Pa"
        ],
        "bathroom": [
            356823.8993710691,
            "Pa"
        ],
        "garden": [
            357154.08805031446,
            "Pa"
        ]
    },
    "hOhm": "kg/(m^4 * s)",
    "R_total": [
        1236911665.6783621,
        "hOhm"
    ],
    "pipe_pressure": {
        "kitchen": [
            53710.691823899455,
            "Pa"
        ],
        "bathroom": [
            30185.534591195057,
            "Pa"
        ],
        "garden": [
            29855.3459119497,
            "Pa"
        ]
    },
    "R_pipe": {
        "kitchen": [
            171663467.24021858,
            "hOhm"
        ],
        "bathroom": [
            96475270.6111745,
            "hOhm"
        ],
        "garden": [
            95419962.41092701,
            "hOhm"
        ]
    },
    "R_appliance": {
        "kitchen": [
            1065248198.4381435,
            "hOhm"
        ],
        "bathroom": [
            1140436395.0671875,
            "hOhm"
        ],
        "garden": [
            1141491703.267435,
            "hOhm"
        ]
    }
}