{
    "static_room_pressure_loss": {
        "kitchen": [
            7056.890047289986,
            "Pa"
        ],
        "bathroom": [
            8029.440882715899,
            "Pa"
        ],
        "garden": [
            7649.761260590474,
            "Pa"
        ]
    },
    "density": [
        998.204,
        "kg/m3"
    ],
    "gravity": [
        9.82,
        "m/s2"
    ],
    "room_height": {
        "kitchen": [
            0.7186242410682266,
            "m"
        ],
        "bathroom": [
            0.8176620043498879,
            "m"
        ],
        "garden": [
            0.7789980917098243,
            "m"
        ]
    },
    "pipe": {
        "main": {
            "diameter": [
                0.00138,
                "m"
            ],
            "area": [
                2.9914245247482006e-06,
                "m2"
            ]
        },
        "kc": {
            "diameter": [
                0.00082,
                "m"
            ],
            "area": [
                1.0562034501368885e-06,
                "m2"
            ]
        },
        "br_1": {
            "diameter": [
                0.0010500000000000002,
                "m"
            ],
            "area": [
                1.7318029502913738e-06,
                "m2"
            ]
        },
        "br_2": {
            "diameter": [
                0.00082,
                "m"
            ],
            "area": [
                1.0562034501368885e-06,
                "m2"
            ]
        },
        "gd_1": {
            "diameter": [
                0.0010500000000000002,
                "m"
            ],
            "area": [
                1.7318029502913738e-06,
                "m2"
            ]
        },
        "gd_2": {
            "diameter": [
                0.00082,
                "m"
            ],
            "area": [
                1.0562034501368885e-06,
                "m2"
            ]
        }
    },
    "flow": [
        0.00031296961063627735,
        "m3/s"
    ],
    "pressure": [
        386991.452991453,
        "Pa"
    ],
    "room_pressure": {
        "kitchen": [
            333273.50427350425,
            "Pa"
        ],
        "bathroom": [
            356792.0227920228,
            "Pa"
        ],
        "garden": [
            357111.11111111107,
            "Pa"
        ]
    },
    "temp": [
        293.15,
        "\u00b0C"
    ],
    "dyn_viscosity": [
        0.001002,
        "N*s/m2"
    ],
    "kin_viscosity": [
        1.003802829882469e-06,
        "m2/s"
    ],
    "Re": {
        "main": 143831.75858117125,
        "kc": 242058.32541709303,
        "br_1": 189036.02556382504,
        "br_2": 242058.32541709303,
        "gd_1": 189036.02556382504,
        "gd_2": 242058.32541709303
    },
    "hOhm": "kg/(m^4 * s)",
    "pipe_pressure": {
        "kitchen": [
            53717.94871794875,
            "Pa"
        ],
        "bathroom": [
            30199.430199430208,
            "Pa"
        ],
        "garden": [
            29880.341880341934,
            "Pa"
        ]
    },
    "R_pipe": {
        "kitchen": [
            476376411849.9237,
            "hOhm"
        ],
        "bathroom": [
            226339913030.9188,
            "hOhm"
        ],
        "garden": [
            226958507386.73654,
            "hOhm"
        ]
    },
    "R_appliance": {
        "kitchen": [
            3402486798489.5366,
            "hOhm"
        ],
        "bathroom": [
            3642594241035.046,
            "hOhm"
        ],
        "garden": [
            3645851907124.094,
            "hOhm"
        ]
    },
    "R_total": {
        "kitchen": [
            3878863210339.4604,
            "hOhm"
        ],
        "bathroom": [
            3868934154065.965,
            "hOhm"
        ],
        "garden": [
            3872810414510.8306,
            "hOhm"
        ]
    }
}