,FT0101[l/m],PT0102[Bar],PT0201[Bar],PT0202[Bar],PT0203[Bar],outlet_pressure[Bar],PT0106
count,318.0,318.0,318.0,318.0,318.0,318.0,318.0
mean,18.773018867924527,3.8700943396226415,3.3329874213836472,3.568238993710691,3.5715408805031448,3.9999465408805035,3.8717924528301886
std,0.09534102639893638,0.0042393566157151044,0.011241814363135006,0.011512417720019236,0.012400387771674067,0.003805230998169113,0.0038416207668201564
min,18.48,3.86,3.31,3.54,3.54,3.986,3.87
25%,18.7,3.87,3.32,3.56,3.56,3.997,3.87
50%,18.785,3.87,3.33,3.57,3.57,4.0,3.87
75%,18.84,3.87,3.34,3.58,3.58,4.002,3.87
max,18.99,3.88,3.36,3.6,3.61,4.011,3.88
