{
    "flow": [
        3.6820404721753794e-05,
        "m3/s"
    ],
    "pressure": [
        339526.13827993255,
        "Pa"
    ],
    "room_pressure": {
        "kitchen": [
            331802.6981450253,
            "Pa"
        ],
        "bathroom": [
            329350.7588532884,
            "Pa"
        ],
        "garden": [
            331362.56323777407,
            "Pa"
        ]
    },
    "hOhm": "kg/(m^4 * s)",
    "R_total": [
        9221140855.068813,
        "hOhm"
    ],
    "pipe_pressure": {
        "kitchen": [
            7723.440134907258,
            "Pa"
        ],
        "bathroom": [
            10175.379426644125,
            "Pa"
        ],
        "garden": [
            8163.575042158482,
            "Pa"
        ]
    },
    "R_pipe": {
        "kitchen": [
            209759783.82834524,
            "hOhm"
        ],
        "bathroom": [
            276351645.3319273,
            "hOhm"
        ],
        "garden": [
            221713343.56179348,
            "hOhm"
        ]
    },
    "R_appliance": {
        "kitchen": [
            9011381071.240469,
            "hOhm"
        ],
        "bathroom": [
            8944789209.736885,
            "hOhm"
        ],
        "garden": [
            8999427511.507019,
            "hOhm"
        ]
    },
    "pipe": {
        "main": {
            "diameter": [
                0.00138,
                "m"
            ],
            "area": [
                2.9914245247482006e-06,
                "m\u00b2"
            ],
            "length": [
                6,
                "m"
            ]
        },
        "kc": {
            "diameter": [
                0.00082,
                "m"
            ],
            "area": [
                1.0562034501368885e-06,
                "m\u00b2"
            ],
            "length": [
                3,
                "m"
            ]
        },
        "br_1": {
            "diameter": [
                0.0010500000000000002,
                "m"
            ],
            "area": [
                1.7318029502913738e-06,
                "m\u00b2"
            ],
            "length": [
                6,
                "m"
            ]
        },
        "br_2": {
            "diameter": [
                0.00082,
                "m"
            ],
            "area": [
                1.0562034501368885e-06,
                "m\u00b2"
            ],
            "length": [
                3,
                "m"
            ]
        },
        "gd_1": {
            "diameter": [
                0.0010500000000000002,
                "m"
            ],
            "area": [
                1.7318029502913738e-06,
                "m\u00b2"
            ],
            "length": [
                12,
                "m"
            ]
        },
        "gd_2": {
            "diameter": [
                0.00082,
                "m"
            ],
            "area": [
                1.0562034501368885e-06,
                "m\u00b2"
            ],
            "length": [
                3,
                "m"
            ]
        }
    },
    "temp": [
        293.15,
        "\u00b0C"
    ],
    "density": [
        998.204,
        "kg/m\u00b3"
    ],
    "dyn_viscosity": [
        0.001002,
        "N*s/m\u00b2"
    ],
    "kin_viscosity": [
        1.003802829882469e-06,
        "m\u00b2/s"
    ],
    "Re": {
        "main": 16921.59041267133,
        "kc": 28477.798499373697,
        "br_1": 22239.80454236803,
        "br_2": 28477.798499373697,
        "gd_1": 22239.80454236803,
        "gd_2": 28477.798499373697
    }
}