{
    "static_room_pressure_loss": {
        "kitchen": [
            7056.890047289986,
            "Pa"
        ],
        "bathroom": [
            8029.440882715899,
            "Pa"
        ],
        "garden": [
            7649.761260590474,
            "Pa"
        ]
    },
    "density": [
        998.204,
        "kg/m3"
    ],
    "gravity": [
        9.82,
        "m/s2"
    ],
    "room_height": {
        "kitchen": [
            0.7199172123816642,
            "m"
        ],
        "bathroom": [
            0.8191331675187515,
            "m"
        ],
        "garden": [
            0.7803996895522601,
            "m"
        ]
    },
    "pipe": {
        "main": {
            "diameter": [
                0.00138,
                "m"
            ],
            "area": [
                2.9914245247482006e-06,
                "m2"
            ]
        },
        "kc": {
            "diameter": [
                0.00082,
                "m"
            ],
            "area": [
                1.0562034501368885e-06,
                "m2"
            ]
        },
        "br_1": {
            "diameter": [
                0.0010500000000000002,
                "m"
            ],
            "area": [
                1.7318029502913738e-06,
                "m2"
            ]
        },
        "br_2": {
            "diameter": [
                0.00082,
                "m"
            ],
            "area": [
                1.0562034501368885e-06,
                "m2"
            ]
        },
        "gd_1": {
            "diameter": [
                0.0010500000000000002,
                "m"
            ],
            "area": [
                1.7318029502913738e-06,
                "m2"
            ]
        },
        "gd_2": {
            "diameter": [
                0.00082,
                "m"
            ],
            "area": [
                1.0562034501368885e-06,
                "m2"
            ]
        }
    },
    "flow": [
        3.6820404721753794e-05,
        "m3/s"
    ],
    "pressure": [
        339526.13827993255,
        "Pa"
    ],
    "room_pressure": {
        "kitchen": [
            331802.6981450253,
            "Pa"
        ],
        "bathroom": [
            329350.7588532884,
            "Pa"
        ],
        "garden": [
            331362.56323777407,
            "Pa"
        ]
    },
    "temp": [
        293.15,
        "\u00b0C"
    ],
    "dyn_viscosity": [
        0.001002,
        "N*s/m2"
    ],
    "kin_viscosity": [
        1.003802829882469e-06,
        "m2/s"
    ],
    "Re": {
        "main": 16921.59041267133,
        "kc": 28477.798499373697,
        "br_1": 22239.80454236803,
        "br_2": 28477.798499373697,
        "gd_1": 22239.80454236803,
        "gd_2": 28477.798499373697
    },
    "hOhm": "kg/(m^4 * s)",
    "pipe_pressure": {
        "kitchen": [
            7723.440134907258,
            "Pa"
        ],
        "bathroom": [
            10175.379426644125,
            "Pa"
        ],
        "garden": [
            8163.575042158482,
            "Pa"
        ]
    },
    "R_pipe": {
        "kitchen": [
            491649581839.9285,
            "hOhm"
        ],
        "bathroom": [
            1582851472644.7678,
            "hOhm"
        ],
        "garden": [
            378990769852.77313,
            "hOhm"
        ]
    },
    "R_appliance": {
        "kitchen": [
            244738783816693.66,
            "hOhm"
        ],
        "bathroom": [
            242930225165402.16,
            "hOhm"
        ],
        "garden": [
            244414138831833.25,
            "hOhm"
        ]
    },
    "R_total": {
        "kitchen": [
            245230433398533.6,
            "hOhm"
        ],
        "bathroom": [
            244513076638046.94,
            "hOhm"
        ],
        "garden": [
            244793129601686.03,
            "hOhm"
        ]
    }
}