{
    "flow": [
        3.6820404721753794e-05,
        "m3/s"
    ],
    "pressure": [
        339526.13827993255,
        "Pa"
    ],
    "room_pressure": {
        "kitchen": [
            331802.6981450253,
            "Pa"
        ],
        "bathroom": [
            329350.7588532884,
            "Pa"
        ],
        "garden": [
            331362.56323777407,
            "Pa"
        ]
    },
    "hOhm": "kg/(m^4 * s)",
    "R_total": [
        9221140855.068813,
        "hOhm"
    ],
    "pipe_pressure": {
        "kitchen": [
            7723.440134907258,
            "Pa"
        ],
        "bathroom": [
            10175.379426644125,
            "Pa"
        ],
        "garden": [
            8163.575042158482,
            "Pa"
        ]
    },
    "R_pipe": {
        "kitchen": [
            209759783.82834524,
            "hOhm"
        ],
        "bathroom": [
            276351645.3319273,
            "hOhm"
        ],
        "garden": [
            221713343.56179348,
            "hOhm"
        ]
    },
    "R_appliance": {
        "kitchen": [
            9011381071.240469,
            "hOhm"
        ],
        "bathroom": [
            8944789209.736885,
            "hOhm"
        ],
        "garden": [
            8999427511.507019,
            "hOhm"
        ]
    }
}