{
    "pressure": [
        417005.98802395223,
        "Pa"
    ],
    "room_pressure": {
        "kitchen": [
            410007.98403193615,
            "Pa"
        ],
        "bathroom": [
            409013.97205588827,
            "Pa"
        ],
        "garden": [
            0.0,
            "Pa"
        ]
    },
    "room_pressure_diff": {
        "kitchen": [
            6998.003992016078,
            "Pa"
        ],
        "bathroom": [
            7992.015968063963,
            "Pa"
        ],
        "garden": [
            417005.98802395223,
            "Pa"
        ]
    }
}