{
    "pressure": [
        409236.55913978507,
        "Pa"
    ],
    "room_pressure": {
        "kitchen": [
            402376.34408602136,
            "Pa"
        ],
        "bathroom": [
            401365.59139784926,
            "Pa"
        ],
        "garden": [
            0.0,
            "Pa"
        ]
    },
    "room_pressure_diff": {
        "kitchen": [
            6860.215053763706,
            "Pa"
        ],
        "bathroom": [
            7870.967741935805,
            "Pa"
        ],
        "garden": [
            409236.55913978507,
            "Pa"
        ]
    }
}