{
    "pressure": [
        372000.0,
        "Pa"
    ],
    "room_pressure": {
        "kitchen": [
            364977.87610619457,
            "Pa"
        ],
        "bathroom": [
            363814.15929203545,
            "Pa"
        ],
        "garden": [
            364070.79646017693,
            "Pa"
        ]
    },
    "room_pressure_diff": {
        "kitchen": [
            7022.12389380543,
            "Pa"
        ],
        "bathroom": [
            8185.840707964555,
            "Pa"
        ],
        "garden": [
            7929.2035398230655,
            "Pa"
        ]
    }
}