,FT0101[l/m],PT0102[Bar],PT0201[Bar],PT0202[Bar],PT0203[Bar],p,outlet_pressure[Bar],p_lo_min[W],p_lo_max[W],pump_output_control_
count,226.0,226.0,226.0,226.0,226.0,226.0,226.0,226.0,226.0,226.0
mean,0.0,3.7199999999999998,3.649778761061946,3.638141592920354,3.6407079646017704,0.0,3.8352876106194693,0.0,65535.0,21.0
std,0.0,4.450749806742289e-16,0.0014741295783498429,0.0038984150776943706,0.002570538779423273,0.0,0.0017052928190841553,0.0,0.0,0.0
min,0.0,3.72,3.64,3.63,3.64,0.0,3.834,0.0,65535.0,21.0
25%,0.0,3.72,3.65,3.64,3.64,0.0,3.834,0.0,65535.0,21.0
50%,0.0,3.72,3.65,3.64,3.64,0.0,3.835,0.0,65535.0,21.0
75%,0.0,3.72,3.65,3.64,3.64,0.0,3.836,0.0,65535.0,21.0
max,0.0,3.72,3.65,3.64,3.65,0.0,3.841,0.0,65535.0,21.0
