{
    "static_room_pressure_loss": {
        "kitchen": [
            7056.890047289986,
            "Pa"
        ],
        "bathroom": [
            8029.440882715899,
            "Pa"
        ],
        "garden": [
            7649.761260590474,
            "Pa"
        ]
    },
    "density": [
        998.204,
        "kg/m3"
    ],
    "gravity": [
        9.82,
        "m/s2"
    ],
    "room_height": {
        "kitchen": [
            0.7199172123816642,
            "m"
        ],
        "bathroom": [
            0.8191331675187515,
            "m"
        ],
        "garden": [
            0.7803996895522601,
            "m"
        ]
    },
    "pipe": {
        "main": {
            "diameter": [
                0.00138,
                "m"
            ],
            "area": [
                2.9914245247482006e-06,
                "m2"
            ]
        },
        "kc": {
            "diameter": [
                0.00082,
                "m"
            ],
            "area": [
                1.0562034501368885e-06,
                "m2"
            ]
        },
        "br_1": {
            "diameter": [
                0.0010500000000000002,
                "m"
            ],
            "area": [
                1.7318029502913738e-06,
                "m2"
            ]
        },
        "br_2": {
            "diameter": [
                0.00082,
                "m"
            ],
            "area": [
                1.0562034501368885e-06,
                "m2"
            ]
        },
        "gd_1": {
            "diameter": [
                0.0010500000000000002,
                "m"
            ],
            "area": [
                1.7318029502913738e-06,
                "m2"
            ]
        },
        "gd_2": {
            "diameter": [
                0.00082,
                "m"
            ],
            "area": [
                1.0562034501368885e-06,
                "m2"
            ]
        }
    },
    "flow": [
        3.53707191780822e-05,
        "m3/s"
    ],
    "pressure": [
        387720.8904109589,
        "Pa"
    ],
    "room_pressure": {
        "kitchen": [
            380037.6712328767,
            "Pa"
        ],
        "bathroom": [
            377626.7123287672,
            "Pa"
        ],
        "garden": [
            379568.4931506849,
            "Pa"
        ]
    },
    "temp": [
        293.15,
        "\u00b0C"
    ],
    "dyn_viscosity": [
        0.001002,
        "N*s/m2"
    ],
    "kin_viscosity": [
        1.003802829882469e-06,
        "m2/s"
    ],
    "Re": {
        "main": 16255.356970031076,
        "kc": 27356.576364198634,
        "br_1": 21364.183446326555,
        "br_2": 27356.576364198634,
        "gd_1": 21364.183446326555,
        "gd_2": 27356.576364198634
    },
    "hOhm": "kg/(m^4 * s)",
    "pipe_pressure": {
        "kitchen": [
            7683.219178082189,
            "Pa"
        ],
        "bathroom": [
            10094.178082191735,
            "Pa"
        ],
        "garden": [
            8152.397260273981,
            "Pa"
        ]
    },
    "R_pipe": {
        "kitchen": [
            500627648371.60767,
            "hOhm"
        ],
        "bathroom": [
            1650353588650.0317,
            "hOhm"
        ],
        "garden": [
            401759180816.3092,
            "hOhm"
        ]
    },
    "R_appliance": {
        "kitchen": [
            303765793874688.8,
            "hOhm"
        ],
        "bathroom": [
            301838703744044.06,
            "hOhm"
        ],
        "garden": [
            303390777755515.0,
            "hOhm"
        ]
    },
    "R_total": {
        "kitchen": [
            304266421523060.44,
            "hOhm"
        ],
        "bathroom": [
            303489057332694.1,
            "hOhm"
        ],
        "garden": [
            303792536936331.3,
            "hOhm"
        ]
    }
}