{
    "flow": [
        3.53707191780822e-05,
        "m3/s"
    ],
    "pressure": [
        387720.8904109589,
        "Pa"
    ],
    "room_pressure": {
        "kitchen": [
            380037.6712328767,
            "Pa"
        ],
        "bathroom": [
            377626.7123287672,
            "Pa"
        ],
        "garden": [
            379568.4931506849,
            "Pa"
        ]
    },
    "hOhm": "kg/(m^4 * s)",
    "R_total": [
        10961634352.383024,
        "hOhm"
    ],
    "pipe_pressure": {
        "kitchen": [
            7683.219178082189,
            "Pa"
        ],
        "bathroom": [
            10094.178082191735,
            "Pa"
        ],
        "garden": [
            8152.397260273981,
            "Pa"
        ]
    },
    "R_pipe": {
        "kitchen": [
            217219761.33420458,
            "hOhm"
        ],
        "bathroom": [
            285382325.1760933,
            "hOhm"
        ],
        "garden": [
            230484351.17275453,
            "hOhm"
        ]
    },
    "R_appliance": {
        "kitchen": [
            10744414591.04882,
            "hOhm"
        ],
        "bathroom": [
            10676252027.20693,
            "hOhm"
        ],
        "garden": [
            10731150001.21027,
            "hOhm"
        ]
    },
    "pipe": {
        "main": {
            "diameter": [
                0.00138,
                "m"
            ],
            "area": [
                2.9914245247482006e-06,
                "m\u00b2"
            ],
            "length": [
                6,
                "m"
            ]
        },
        "kc": {
            "diameter": [
                0.00082,
                "m"
            ],
            "area": [
                1.0562034501368885e-06,
                "m\u00b2"
            ],
            "length": [
                3,
                "m"
            ]
        },
        "br_1": {
            "diameter": [
                0.0010500000000000002,
                "m"
            ],
            "area": [
                1.7318029502913738e-06,
                "m\u00b2"
            ],
            "length": [
                6,
                "m"
            ]
        },
        "br_2": {
            "diameter": [
                0.00082,
                "m"
            ],
            "area": [
                1.0562034501368885e-06,
                "m\u00b2"
            ],
            "length": [
                3,
                "m"
            ]
        },
        "gd_1": {
            "diameter": [
                0.0010500000000000002,
                "m"
            ],
            "area": [
                1.7318029502913738e-06,
                "m\u00b2"
            ],
            "length": [
                12,
                "m"
            ]
        },
        "gd_2": {
            "diameter": [
                0.00082,
                "m"
            ],
            "area": [
                1.0562034501368885e-06,
                "m\u00b2"
            ],
            "length": [
                3,
                "m"
            ]
        }
    },
    "temp": [
        293.15,
        "\u00b0C"
    ],
    "density": [
        998.204,
        "kg/m\u00b3"
    ],
    "dyn_viscosity": [
        0.001002,
        "N*s/m\u00b2"
    ],
    "kin_viscosity": [
        1.003802829882469e-06,
        "m\u00b2/s"
    ],
    "Re": {
        "main": 16255.356970031076,
        "kc": 27356.576364198634,
        "br_1": 21364.183446326555,
        "br_2": 27356.576364198634,
        "gd_1": 21364.183446326555,
        "gd_2": 27356.576364198634
    }
}