{
    "flow": [
        3.53707191780822e-05,
        "m3/s"
    ],
    "pressure": [
        387720.8904109589,
        "Pa"
    ],
    "room_pressure": {
        "kitchen": [
            380037.6712328767,
            "Pa"
        ],
        "bathroom": [
            377626.7123287672,
            "Pa"
        ],
        "garden": [
            379568.4931506849,
            "Pa"
        ]
    },
    "hOhm": "kg/(m^4 * s)",
    "R_total": [
        10961634352.383024,
        "hOhm"
    ],
    "pipe_pressure": {
        "kitchen": [
            7683.219178082189,
            "Pa"
        ],
        "bathroom": [
            10094.178082191735,
            "Pa"
        ],
        "garden": [
            8152.397260273981,
            "Pa"
        ]
    },
    "R_pipe": {
        "kitchen": [
            217219761.33420458,
            "hOhm"
        ],
        "bathroom": [
            285382325.1760933,
            "hOhm"
        ],
        "garden": [
            230484351.17275453,
            "hOhm"
        ]
    },
    "R_appliance": {
        "kitchen": [
            10744414591.04882,
            "hOhm"
        ],
        "bathroom": [
            10676252027.20693,
            "hOhm"
        ],
        "garden": [
            10731150001.21027,
            "hOhm"
        ]
    }
}