{
    "pressure": [
        416000.0,
        "Pa"
    ],
    "room_pressure": {
        "kitchen": [
            409000.0,
            "Pa"
        ],
        "bathroom": [
            408000.0,
            "Pa"
        ],
        "garden": [
            408555.55555555556,
            "Pa"
        ]
    },
    "room_pressure_diff": {
        "kitchen": [
            7000.0,
            "Pa"
        ],
        "bathroom": [
            8000.0,
            "Pa"
        ],
        "garden": [
            7444.444444444438,
            "Pa"
        ]
    }
}