{
    "flow": [
        0.0006065967261904761,
        "m3/s"
    ],
    "pressure": [
        323997.44897959183,
        "Pa"
    ],
    "room_pressure": {
        "kitchen": [
            226943.8775510204,
            "Pa"
        ],
        "bathroom": [
            240213.01020408163,
            "Pa"
        ],
        "garden": [
            104965.5612244898,
            "Pa"
        ]
    },
    "hOhm": "kg/(m^4 * s)",
    "R_total": [
        534123306.29337114,
        "hOhm"
    ],
    "pipe_pressure": {
        "kitchen": [
            97053.57142857142,
            "Pa"
        ],
        "bathroom": [
            83784.4387755102,
            "Pa"
        ],
        "garden": [
            219031.88775510204,
            "Pa"
        ]
    },
    "R_pipe": {
        "kitchen": [
            159996859.9205658,
            "hOhm"
        ],
        "bathroom": [
            138122141.37997383,
            "hOhm"
        ],
        "garden": [
            361083201.2408922,
            "hOhm"
        ]
    },
    "R_appliance": {
        "kitchen": [
            374126446.37280536,
            "hOhm"
        ],
        "bathroom": [
            396001164.9133973,
            "hOhm"
        ],
        "garden": [
            173040105.05247897,
            "hOhm"
        ]
    }
}