{
    "static_room_pressure_loss": {
        "kitchen": [
            7056.890047289986,
            "Pa"
        ],
        "bathroom": [
            8029.440882715899,
            "Pa"
        ],
        "garden": [
            7649.761260590474,
            "Pa"
        ]
    },
    "density": [
        998.204,
        "kg/m3"
    ],
    "gravity": [
        9.82,
        "m/s2"
    ],
    "room_height": {
        "kitchen": [
            0.7199172123816642,
            "m"
        ],
        "bathroom": [
            0.8191331675187515,
            "m"
        ],
        "garden": [
            0.7803996895522601,
            "m"
        ]
    },
    "pipe": {
        "main": {
            "diameter": [
                0.00138,
                "m"
            ],
            "area": [
                2.9914245247482006e-06,
                "m2"
            ]
        },
        "kc": {
            "diameter": [
                0.00082,
                "m"
            ],
            "area": [
                1.0562034501368885e-06,
                "m2"
            ]
        },
        "br_1": {
            "diameter": [
                0.0010500000000000002,
                "m"
            ],
            "area": [
                1.7318029502913738e-06,
                "m2"
            ]
        },
        "br_2": {
            "diameter": [
                0.00082,
                "m"
            ],
            "area": [
                1.0562034501368885e-06,
                "m2"
            ]
        },
        "gd_1": {
            "diameter": [
                0.0010500000000000002,
                "m"
            ],
            "area": [
                1.7318029502913738e-06,
                "m2"
            ]
        },
        "gd_2": {
            "diameter": [
                0.00082,
                "m"
            ],
            "area": [
                1.0562034501368885e-06,
                "m2"
            ]
        }
    },
    "flow": [
        6.638453661034308e-05,
        "m3/s"
    ],
    "pressure": [
        387758.83256528416,
        "Pa"
    ],
    "room_pressure": {
        "kitchen": [
            379267.28110599075,
            "Pa"
        ],
        "bathroom": [
            374662.0583717358,
            "Pa"
        ],
        "garden": [
            378835.6374807988,
            "Pa"
        ]
    },
    "temp": [
        293.15,
        "\u00b0C"
    ],
    "dyn_viscosity": [
        0.001002,
        "N*s/m2"
    ],
    "kin_viscosity": [
        1.003802829882469e-06,
        "m2/s"
    ],
    "Re": {
        "main": 30508.40822484324,
        "kc": 51343.41871985813,
        "br_1": 40096.76509550825,
        "br_2": 51343.41871985813,
        "gd_1": 40096.76509550825,
        "gd_2": 51343.41871985813
    },
    "hOhm": "kg/(m^4 * s)",
    "pipe_pressure": {
        "kitchen": [
            8491.551459293405,
            "Pa"
        ],
        "bathroom": [
            13096.774193548365,
            "Pa"
        ],
        "garden": [
            8923.195084485342,
            "Pa"
        ]
    },
    "R_pipe": {
        "kitchen": [
            325548396948.7358,
            "hOhm"
        ],
        "bathroom": [
            1149861718133.747,
            "hOhm"
        ],
        "garden": [
            288963191259.4335,
            "hOhm"
        ]
    },
    "R_appliance": {
        "kitchen": [
            86062017383420.48,
            "hOhm"
        ],
        "bathroom": [
            85017016196251.88,
            "hOhm"
        ],
        "garden": [
            85964070307505.1,
            "hOhm"
        ]
    },
    "R_total": {
        "kitchen": [
            86387565780369.22,
            "hOhm"
        ],
        "bathroom": [
            86166877914385.62,
            "hOhm"
        ],
        "garden": [
            86253033498764.53,
            "hOhm"
        ]
    }
}