{
    "flow": [
        6.638453661034308e-05,
        "m3/s"
    ],
    "pressure": [
        387758.83256528416,
        "Pa"
    ],
    "room_pressure": {
        "kitchen": [
            379267.28110599075,
            "Pa"
        ],
        "bathroom": [
            374662.0583717358,
            "Pa"
        ],
        "garden": [
            378835.6374807988,
            "Pa"
        ]
    },
    "hOhm": "kg/(m^4 * s)",
    "R_total": [
        5841101743.939404,
        "hOhm"
    ],
    "pipe_pressure": {
        "kitchen": [
            8491.551459293405,
            "Pa"
        ],
        "bathroom": [
            13096.774193548365,
            "Pa"
        ],
        "garden": [
            8923.195084485342,
            "Pa"
        ]
    },
    "R_pipe": {
        "kitchen": [
            127914600.18974319,
            "hOhm"
        ],
        "bathroom": [
            197286519.75719017,
            "hOhm"
        ],
        "garden": [
            134416771.43672428,
            "hOhm"
        ]
    },
    "R_appliance": {
        "kitchen": [
            5713187143.7496605,
            "hOhm"
        ],
        "bathroom": [
            5643815224.182214,
            "hOhm"
        ],
        "garden": [
            5706684972.502679,
            "hOhm"
        ]
    }
}