{
    "flow": [
        6.638453661034308e-05,
        "m3/s"
    ],
    "pressure": [
        387758.83256528416,
        "Pa"
    ],
    "room_pressure": {
        "kitchen": [
            379267.28110599075,
            "Pa"
        ],
        "bathroom": [
            374662.0583717358,
            "Pa"
        ],
        "garden": [
            378835.6374807988,
            "Pa"
        ]
    },
    "hOhm": "kg/(m^4 * s)",
    "R_total": [
        5841101743.939404,
        "hOhm"
    ],
    "pipe_pressure": {
        "kitchen": [
            8491.551459293405,
            "Pa"
        ],
        "bathroom": [
            13096.774193548365,
            "Pa"
        ],
        "garden": [
            8923.195084485342,
            "Pa"
        ]
    },
    "R_pipe": {
        "kitchen": [
            127914600.18974319,
            "hOhm"
        ],
        "bathroom": [
            197286519.75719017,
            "hOhm"
        ],
        "garden": [
            134416771.43672428,
            "hOhm"
        ]
    },
    "R_appliance": {
        "kitchen": [
            5713187143.7496605,
            "hOhm"
        ],
        "bathroom": [
            5643815224.182214,
            "hOhm"
        ],
        "garden": [
            5706684972.502679,
            "hOhm"
        ]
    },
    "pipe": {
        "main": {
            "diameter": [
                0.00138,
                "m"
            ],
            "area": [
                2.9914245247482006e-06,
                "m\u00b2"
            ],
            "length": [
                6,
                "m"
            ]
        },
        "kc": {
            "diameter": [
                0.00082,
                "m"
            ],
            "area": [
                1.0562034501368885e-06,
                "m\u00b2"
            ],
            "length": [
                3,
                "m"
            ]
        },
        "br_1": {
            "diameter": [
                0.0010500000000000002,
                "m"
            ],
            "area": [
                1.7318029502913738e-06,
                "m\u00b2"
            ],
            "length": [
                6,
                "m"
            ]
        },
        "br_2": {
            "diameter": [
                0.00082,
                "m"
            ],
            "area": [
                1.0562034501368885e-06,
                "m\u00b2"
            ],
            "length": [
                3,
                "m"
            ]
        },
        "gd_1": {
            "diameter": [
                0.0010500000000000002,
                "m"
            ],
            "area": [
                1.7318029502913738e-06,
                "m\u00b2"
            ],
            "length": [
                12,
                "m"
            ]
        },
        "gd_2": {
            "diameter": [
                0.00082,
                "m"
            ],
            "area": [
                1.0562034501368885e-06,
                "m\u00b2"
            ],
            "length": [
                3,
                "m"
            ]
        }
    },
    "temp": [
        293.15,
        "\u00b0C"
    ],
    "density": [
        998.204,
        "kg/m\u00b3"
    ],
    "dyn_viscosity": [
        0.001002,
        "N*s/m\u00b2"
    ],
    "kin_viscosity": [
        1.003802829882469e-06,
        "m\u00b2/s"
    ],
    "Re": {
        "main": 30508.40822484324,
        "kc": 51343.41871985813,
        "br_1": 40096.76509550825,
        "br_2": 51343.41871985813,
        "gd_1": 40096.76509550825,
        "gd_2": 51343.41871985813
    }
}