{
    "flow": [
        2.5382834331337324e-05,
        "m3/s"
    ],
    "pressure": [
        387797.6047904191,
        "Pa"
    ],
    "room_pressure": {
        "kitchen": [
            380034.7305389221,
            "Pa"
        ],
        "bathroom": [
            379297.0059880239,
            "Pa"
        ],
        "garden": [
            379938.9221556886,
            "Pa"
        ]
    },
    "hOhm": "kg/(m^4 * s)",
    "R_total": [
        15277947282.335178,
        "hOhm"
    ],
    "pipe_pressure": {
        "kitchen": [
            7762.874251497036,
            "Pa"
        ],
        "bathroom": [
            8500.598802395223,
            "Pa"
        ],
        "garden": [
            7858.682634730532,
            "Pa"
        ]
    },
    "R_pipe": {
        "kitchen": [
            305831655.7624572,
            "hOhm"
        ],
        "bathroom": [
            334895571.2128843,
            "hOhm"
        ],
        "garden": [
            309606190.2365373,
            "hOhm"
        ]
    },
    "R_appliance": {
        "kitchen": [
            14972115626.572721,
            "hOhm"
        ],
        "bathroom": [
            14943051711.122293,
            "hOhm"
        ],
        "garden": [
            14968341092.09864,
            "hOhm"
        ]
    },
    "pipe": {
        "main": {
            "diameter": [
                0.00138,
                "m"
            ],
            "area": [
                2.9914245247482006e-06,
                "m\u00b2"
            ],
            "length": [
                6,
                "m"
            ]
        },
        "kc": {
            "diameter": [
                0.00082,
                "m"
            ],
            "area": [
                1.0562034501368885e-06,
                "m\u00b2"
            ],
            "length": [
                3,
                "m"
            ]
        },
        "br_1": {
            "diameter": [
                0.0010500000000000002,
                "m"
            ],
            "area": [
                1.7318029502913738e-06,
                "m\u00b2"
            ],
            "length": [
                6,
                "m"
            ]
        },
        "br_2": {
            "diameter": [
                0.00082,
                "m"
            ],
            "area": [
                1.0562034501368885e-06,
                "m\u00b2"
            ],
            "length": [
                3,
                "m"
            ]
        },
        "gd_1": {
            "diameter": [
                0.0010500000000000002,
                "m"
            ],
            "area": [
                1.7318029502913738e-06,
                "m\u00b2"
            ],
            "length": [
                12,
                "m"
            ]
        },
        "gd_2": {
            "diameter": [
                0.00082,
                "m"
            ],
            "area": [
                1.0562034501368885e-06,
                "m\u00b2"
            ],
            "length": [
                3,
                "m"
            ]
        }
    },
    "temp": [
        293.15,
        "\u00b0C"
    ],
    "density": [
        998.204,
        "kg/m\u00b3"
    ],
    "dyn_viscosity": [
        0.001002,
        "N*s/m\u00b2"
    ],
    "kin_viscosity": [
        1.003802829882469e-06,
        "m\u00b2/s"
    ],
    "Re": {
        "main": 11665.214690424616,
        "kc": 19631.702771690205,
        "br_1": 15331.425021700923,
        "br_2": 19631.702771690205,
        "gd_1": 15331.425021700923,
        "gd_2": 19631.702771690205
    }
}