{
    "static_room_pressure_loss": {
        "kitchen": [
            7056.890047289986,
            "Pa"
        ],
        "bathroom": [
            8029.440882715899,
            "Pa"
        ],
        "garden": [
            7649.761260590474,
            "Pa"
        ]
    },
    "density": [
        998.204,
        "kg/m3"
    ],
    "gravity": [
        9.82,
        "m/s2"
    ],
    "room_height": {
        "kitchen": [
            0.7199172123816642,
            "m"
        ],
        "bathroom": [
            0.8191331675187515,
            "m"
        ],
        "garden": [
            0.7803996895522601,
            "m"
        ]
    },
    "pipe": {
        "main": {
            "diameter": [
                0.00138,
                "m"
            ],
            "area": [
                2.9914245247482006e-06,
                "m2"
            ]
        },
        "kc": {
            "diameter": [
                0.00082,
                "m"
            ],
            "area": [
                1.0562034501368885e-06,
                "m2"
            ]
        },
        "br_1": {
            "diameter": [
                0.0010500000000000002,
                "m"
            ],
            "area": [
                1.7318029502913738e-06,
                "m2"
            ]
        },
        "br_2": {
            "diameter": [
                0.00082,
                "m"
            ],
            "area": [
                1.0562034501368885e-06,
                "m2"
            ]
        },
        "gd_1": {
            "diameter": [
                0.0010500000000000002,
                "m"
            ],
            "area": [
                1.7318029502913738e-06,
                "m2"
            ]
        },
        "gd_2": {
            "diameter": [
                0.00082,
                "m"
            ],
            "area": [
                1.0562034501368885e-06,
                "m2"
            ]
        }
    },
    "flow": [
        2.5382834331337324e-05,
        "m3/s"
    ],
    "pressure": [
        387797.6047904191,
        "Pa"
    ],
    "room_pressure": {
        "kitchen": [
            380034.7305389221,
            "Pa"
        ],
        "bathroom": [
            379297.0059880239,
            "Pa"
        ],
        "garden": [
            379938.9221556886,
            "Pa"
        ]
    },
    "temp": [
        293.15,
        "\u00b0C"
    ],
    "dyn_viscosity": [
        0.001002,
        "N*s/m2"
    ],
    "kin_viscosity": [
        1.003802829882469e-06,
        "m2/s"
    ],
    "Re": {
        "main": 11665.214690424616,
        "kc": 19631.702771690205,
        "br_1": 15331.425021700923,
        "br_2": 19631.702771690205,
        "gd_1": 15331.425021700923,
        "gd_2": 19631.702771690205
    },
    "hOhm": "kg/(m^4 * s)",
    "pipe_pressure": {
        "kitchen": [
            7762.874251497036,
            "Pa"
        ],
        "bathroom": [
            8500.598802395223,
            "Pa"
        ],
        "garden": [
            7858.682634730532,
            "Pa"
        ]
    },
    "R_pipe": {
        "kitchen": [
            1095758261566.0406,
            "hOhm"
        ],
        "bathroom": [
            731284326071.7999,
            "hOhm"
        ],
        "garden": [
            324266917542.19305,
            "hOhm"
        ]
    },
    "R_appliance": {
        "kitchen": [
            589852001204149.9,
            "hOhm"
        ],
        "bathroom": [
            588706978742472.1,
            "hOhm"
        ],
        "garden": [
            589703296988347.6,
            "hOhm"
        ]
    },
    "R_total": {
        "kitchen": [
            590947759465715.9,
            "hOhm"
        ],
        "bathroom": [
            589438263068543.9,
            "hOhm"
        ],
        "garden": [
            590027563905889.9,
            "hOhm"
        ]
    }
}