{
    "flow": [
        2.5382834331337324e-05,
        "m3/s"
    ],
    "pressure": [
        387797.6047904191,
        "Pa"
    ],
    "room_pressure": {
        "kitchen": [
            380034.7305389221,
            "Pa"
        ],
        "bathroom": [
            379297.0059880239,
            "Pa"
        ],
        "garden": [
            379938.9221556886,
            "Pa"
        ]
    },
    "hOhm": "kg/(m^4 * s)",
    "R_total": [
        15277947282.335178,
        "hOhm"
    ],
    "pipe_pressure": {
        "kitchen": [
            7762.874251497036,
            "Pa"
        ],
        "bathroom": [
            8500.598802395223,
            "Pa"
        ],
        "garden": [
            7858.682634730532,
            "Pa"
        ]
    },
    "R_pipe": {
        "kitchen": [
            305831655.7624572,
            "hOhm"
        ],
        "bathroom": [
            334895571.2128843,
            "hOhm"
        ],
        "garden": [
            309606190.2365373,
            "hOhm"
        ]
    },
    "R_appliance": {
        "kitchen": [
            14972115626.572721,
            "hOhm"
        ],
        "bathroom": [
            14943051711.122293,
            "hOhm"
        ],
        "garden": [
            14968341092.09864,
            "hOhm"
        ]
    }
}