{
    "pressure": [
        426053.5714285713,
        "Pa"
    ],
    "room_pressure": {
        "kitchen": [
            419011.90476190485,
            "Pa"
        ],
        "bathroom": [
            418029.7619047619,
            "Pa"
        ],
        "garden": [
            0.0,
            "Pa"
        ]
    },
    "room_pressure_diff": {
        "kitchen": [
            7041.666666666453,
            "Pa"
        ],
        "bathroom": [
            8023.80952380941,
            "Pa"
        ],
        "garden": [
            426053.5714285713,
            "Pa"
        ]
    }
}