{
    "pressure": [
        446335.32934131735,
        "Pa"
    ],
    "room_pressure": {
        "kitchen": [
            439816.3672654689,
            "Pa"
        ],
        "bathroom": [
            438990.01996007987,
            "Pa"
        ],
        "garden": [
            0.0,
            "Pa"
        ]
    },
    "room_pressure_diff": {
        "kitchen": [
            6518.962075848423,
            "Pa"
        ],
        "bathroom": [
            7345.309381237486,
            "Pa"
        ],
        "garden": [
            446335.32934131735,
            "Pa"
        ]
    }
}