{
    "pressure": [
        426999.9999999999,
        "Pa"
    ],
    "room_pressure": {
        "kitchen": [
            420000.0000000002,
            "Pa"
        ],
        "bathroom": [
            419000.00000000006,
            "Pa"
        ],
        "garden": [
            0.0,
            "Pa"
        ]
    },
    "room_pressure_diff": {
        "kitchen": [
            6999.999999999709,
            "Pa"
        ],
        "bathroom": [
            7999.999999999825,
            "Pa"
        ],
        "garden": [
            426999.9999999999,
            "Pa"
        ]
    }
}