{
    "pressure": [
        368000.00000000006,
        "Pa"
    ],
    "room_pressure": {
        "kitchen": [
            361000.0,
            "Pa"
        ],
        "bathroom": [
            360000.0000000001,
            "Pa"
        ],
        "garden": [
            361000.0,
            "Pa"
        ]
    },
    "room_pressure_diff": {
        "kitchen": [
            7000.000000000058,
            "Pa"
        ],
        "bathroom": [
            7999.999999999942,
            "Pa"
        ],
        "garden": [
            7000.000000000058,
            "Pa"
        ]
    }
}