{
    "flow": [
        0.00022473969072164948,
        "m3/s"
    ],
    "pressure": [
        339009.0206185567,
        "Pa"
    ],
    "room_pressure": {
        "kitchen": [
            320097.9381443299,
            "Pa"
        ],
        "bathroom": [
            282639.1752577319,
            "Pa"
        ],
        "garden": [
            319554.1237113402,
            "Pa"
        ]
    },
    "hOhm": "kg/(m^4 * s)",
    "R_total": [
        1508451931.7882087,
        "hOhm"
    ],
    "pipe_pressure": {
        "kitchen": [
            18911.08247422683,
            "Pa"
        ],
        "bathroom": [
            56369.84536082478,
            "Pa"
        ],
        "garden": [
            19454.89690721652,
            "Pa"
        ]
    },
    "R_pipe": {
        "kitchen": [
            84146607.18586235,
            "hOhm"
        ],
        "bathroom": [
            250822830.53704762,
            "hOhm"
        ],
        "garden": [
            86566359.70596005,
            "hOhm"
        ]
    },
    "R_appliance": {
        "kitchen": [
            1424305324.6023464,
            "hOhm"
        ],
        "bathroom": [
            1257629101.251161,
            "hOhm"
        ],
        "garden": [
            1421885572.0822487,
            "hOhm"
        ]
    },
    "pipe": {
        "main": {
            "diameter": [
                0.00138,
                "m"
            ],
            "area": [
                2.9914245247482006e-06,
                "m\u00b2"
            ],
            "length": [
                6,
                "m"
            ]
        },
        "kc": {
            "diameter": [
                0.00082,
                "m"
            ],
            "area": [
                1.0562034501368885e-06,
                "m\u00b2"
            ],
            "length": [
                3,
                "m"
            ]
        },
        "br_1": {
            "diameter": [
                0.0010500000000000002,
                "m"
            ],
            "area": [
                1.7318029502913738e-06,
                "m\u00b2"
            ],
            "length": [
                6,
                "m"
            ]
        },
        "br_2": {
            "diameter": [
                0.00082,
                "m"
            ],
            "area": [
                1.0562034501368885e-06,
                "m\u00b2"
            ],
            "length": [
                3,
                "m"
            ]
        },
        "gd_1": {
            "diameter": [
                0.0010500000000000002,
                "m"
            ],
            "area": [
                1.7318029502913738e-06,
                "m\u00b2"
            ],
            "length": [
                12,
                "m"
            ]
        },
        "gd_2": {
            "diameter": [
                0.00082,
                "m"
            ],
            "area": [
                1.0562034501368885e-06,
                "m\u00b2"
            ],
            "length": [
                3,
                "m"
            ]
        }
    },
    "temp": [
        293.15,
        "\u00b0C"
    ],
    "density": [
        998.204,
        "kg/m\u00b3"
    ],
    "dyn_viscosity": [
        0.001002,
        "N*s/m\u00b2"
    ],
    "kin_viscosity": [
        1.003802829882469e-06,
        "m\u00b2/s"
    ],
    "Re": {
        "main": 103283.84559052302,
        "kc": 173819.1547742948,
        "br_1": 135744.4827761159,
        "br_2": 173819.1547742948,
        "gd_1": 135744.4827761159,
        "gd_2": 173819.1547742948
    }
}