{
    "flow": [
        0.00022473969072164948,
        "m3/s"
    ],
    "pressure": [
        339009.0206185567,
        "Pa"
    ],
    "room_pressure": {
        "kitchen": [
            320097.9381443299,
            "Pa"
        ],
        "bathroom": [
            282639.1752577319,
            "Pa"
        ],
        "garden": [
            319554.1237113402,
            "Pa"
        ]
    },
    "hOhm": "kg/(m^4 * s)",
    "R_total": [
        1508451931.7882087,
        "hOhm"
    ],
    "pipe_pressure": {
        "kitchen": [
            18911.08247422683,
            "Pa"
        ],
        "bathroom": [
            56369.84536082478,
            "Pa"
        ],
        "garden": [
            19454.89690721652,
            "Pa"
        ]
    },
    "R_pipe": {
        "kitchen": [
            84146607.18586235,
            "hOhm"
        ],
        "bathroom": [
            250822830.53704762,
            "hOhm"
        ],
        "garden": [
            86566359.70596005,
            "hOhm"
        ]
    },
    "R_appliance": {
        "kitchen": [
            1424305324.6023464,
            "hOhm"
        ],
        "bathroom": [
            1257629101.251161,
            "hOhm"
        ],
        "garden": [
            1421885572.0822487,
            "hOhm"
        ]
    }
}