{
    "static_room_pressure_loss": {
        "kitchen": [
            7056.890047289986,
            "Pa"
        ],
        "bathroom": [
            8029.440882715899,
            "Pa"
        ],
        "garden": [
            7649.761260590474,
            "Pa"
        ]
    },
    "density": [
        998.204,
        "kg/m3"
    ],
    "gravity": [
        9.82,
        "m/s2"
    ],
    "room_height": {
        "kitchen": [
            0.7199172123816642,
            "m"
        ],
        "bathroom": [
            0.8191331675187515,
            "m"
        ],
        "garden": [
            0.7803996895522601,
            "m"
        ]
    },
    "pipe": {
        "main": {
            "diameter": [
                0.00138,
                "m"
            ],
            "area": [
                2.9914245247482006e-06,
                "m2"
            ]
        },
        "kc": {
            "diameter": [
                0.00082,
                "m"
            ],
            "area": [
                1.0562034501368885e-06,
                "m2"
            ]
        },
        "br_1": {
            "diameter": [
                0.0010500000000000002,
                "m"
            ],
            "area": [
                1.7318029502913738e-06,
                "m2"
            ]
        },
        "br_2": {
            "diameter": [
                0.00082,
                "m"
            ],
            "area": [
                1.0562034501368885e-06,
                "m2"
            ]
        },
        "gd_1": {
            "diameter": [
                0.0010500000000000002,
                "m"
            ],
            "area": [
                1.7318029502913738e-06,
                "m2"
            ]
        },
        "gd_2": {
            "diameter": [
                0.00082,
                "m"
            ],
            "area": [
                1.0562034501368885e-06,
                "m2"
            ]
        }
    },
    "flow": [
        0.00022473969072164948,
        "m3/s"
    ],
    "pressure": [
        339009.0206185567,
        "Pa"
    ],
    "room_pressure": {
        "kitchen": [
            320097.9381443299,
            "Pa"
        ],
        "bathroom": [
            282639.1752577319,
            "Pa"
        ],
        "garden": [
            319554.1237113402,
            "Pa"
        ]
    },
    "temp": [
        293.15,
        "\u00b0C"
    ],
    "dyn_viscosity": [
        0.001002,
        "N*s/m2"
    ],
    "kin_viscosity": [
        1.003802829882469e-06,
        "m2/s"
    ],
    "Re": {
        "main": 103283.84559052302,
        "kc": 173819.1547742948,
        "br_1": 135744.4827761159,
        "br_2": 173819.1547742948,
        "gd_1": 135744.4827761159,
        "gd_2": 173819.1547742948
    },
    "hOhm": "kg/(m^4 * s)",
    "pipe_pressure": {
        "kitchen": [
            18911.08247422683,
            "Pa"
        ],
        "bathroom": [
            56369.84536082478,
            "Pa"
        ],
        "garden": [
            19454.89690721652,
            "Pa"
        ]
    },
    "R_pipe": {
        "kitchen": [
            234699635460.83362,
            "hOhm"
        ],
        "bathroom": [
            957085468197.778,
            "hOhm"
        ],
        "garden": [
            233728366559.40564,
            "hOhm"
        ]
    },
    "R_appliance": {
        "kitchen": [
            6337578022061.151,
            "hOhm"
        ],
        "bathroom": [
            5595936780071.451,
            "hOhm"
        ],
        "garden": [
            6326811109851.173,
            "hOhm"
        ]
    },
    "R_total": {
        "kitchen": [
            6572277657521.985,
            "hOhm"
        ],
        "bathroom": [
            6553022248269.2295,
            "hOhm"
        ],
        "garden": [
            6560539476410.578,
            "hOhm"
        ]
    }
}