{
    "pressure": [
        374992.95774647885,
        "Pa"
    ],
    "room_pressure": {
        "kitchen": [
            367767.6056338029,
            "Pa"
        ],
        "bathroom": [
            366961.26760563377,
            "Pa"
        ],
        "garden": [
            367309.8591549297,
            "Pa"
        ]
    },
    "room_pressure_diff": {
        "kitchen": [
            7225.352112675959,
            "Pa"
        ],
        "bathroom": [
            8031.690140845079,
            "Pa"
        ],
        "garden": [
            7683.098591549147,
            "Pa"
        ]
    }
}