{
    "pressure": [
        417000.00000000023,
        "Pa"
    ],
    "room_pressure": {
        "kitchen": [
            409985.07462686585,
            "Pa"
        ],
        "bathroom": [
            408999.9999999998,
            "Pa"
        ],
        "garden": [
            409104.47761194006,
            "Pa"
        ]
    },
    "room_pressure_diff": {
        "kitchen": [
            7014.925373134378,
            "Pa"
        ],
        "bathroom": [
            8000.000000000407,
            "Pa"
        ],
        "garden": [
            7895.52238806017,
            "Pa"
        ]
    }
}