{
    "pressure": [
        349667.9536679537,
        "Pa"
    ],
    "room_pressure": {
        "kitchen": [
            342297.29729729745,
            "Pa"
        ],
        "bathroom": [
            341521.23552123556,
            "Pa"
        ],
        "garden": [
            342000.0000000001,
            "Pa"
        ]
    },
    "room_pressure_diff": {
        "kitchen": [
            7370.656370656274,
            "Pa"
        ],
        "bathroom": [
            8146.718146718165,
            "Pa"
        ],
        "garden": [
            7667.95366795361,
            "Pa"
        ]
    }
}