{
    "flow": [
        2.4865427927927922e-05,
        "m3/s"
    ],
    "pressure": [
        387751.6891891891,
        "Pa"
    ],
    "room_pressure": {
        "kitchen": [
            379922.2972972973,
            "Pa"
        ],
        "bathroom": [
            379239.8648648649,
            "Pa"
        ],
        "garden": [
            379777.02702702716,
            "Pa"
        ]
    },
    "hOhm": "kg/(m^4 * s)",
    "R_total": [
        15594008287.8558,
        "hOhm"
    ],
    "pipe_pressure": {
        "kitchen": [
            7829.391891891835,
            "Pa"
        ],
        "bathroom": [
            8511.824324324203,
            "Pa"
        ],
        "garden": [
            7974.662162161956,
            "Pa"
        ]
    },
    "R_pipe": {
        "kitchen": [
            314870587.16967237,
            "hOhm"
        ],
        "bathroom": [
            342315617.8528518,
            "hOhm"
        ],
        "garden": [
            320712846.1764824,
            "hOhm"
        ]
    },
    "R_appliance": {
        "kitchen": [
            15279137700.686129,
            "hOhm"
        ],
        "bathroom": [
            15251692670.002949,
            "hOhm"
        ],
        "garden": [
            15273295441.679317,
            "hOhm"
        ]
    }
}