{
    "static_room_pressure_loss": {
        "kitchen": [
            7056.890047289986,
            "Pa"
        ],
        "bathroom": [
            8029.440882715899,
            "Pa"
        ],
        "garden": [
            7649.761260590474,
            "Pa"
        ]
    },
    "density": [
        998.204,
        "kg/m3"
    ],
    "gravity": [
        9.82,
        "m/s2"
    ],
    "room_height": {
        "kitchen": [
            0.7199172123816642,
            "m"
        ],
        "bathroom": [
            0.8191331675187515,
            "m"
        ],
        "garden": [
            0.7803996895522601,
            "m"
        ]
    },
    "pipe": {
        "main": {
            "diameter": [
                0.00138,
                "m"
            ],
            "area": [
                2.9914245247482006e-06,
                "m2"
            ]
        },
        "kc": {
            "diameter": [
                0.00082,
                "m"
            ],
            "area": [
                1.0562034501368885e-06,
                "m2"
            ]
        },
        "br_1": {
            "diameter": [
                0.0010500000000000002,
                "m"
            ],
            "area": [
                1.7318029502913738e-06,
                "m2"
            ]
        },
        "br_2": {
            "diameter": [
                0.00082,
                "m"
            ],
            "area": [
                1.0562034501368885e-06,
                "m2"
            ]
        },
        "gd_1": {
            "diameter": [
                0.0010500000000000002,
                "m"
            ],
            "area": [
                1.7318029502913738e-06,
                "m2"
            ]
        },
        "gd_2": {
            "diameter": [
                0.00082,
                "m"
            ],
            "area": [
                1.0562034501368885e-06,
                "m2"
            ]
        }
    },
    "flow": [
        2.4865427927927922e-05,
        "m3/s"
    ],
    "pressure": [
        387751.6891891891,
        "Pa"
    ],
    "room_pressure": {
        "kitchen": [
            379922.2972972973,
            "Pa"
        ],
        "bathroom": [
            379239.8648648649,
            "Pa"
        ],
        "garden": [
            379777.02702702716,
            "Pa"
        ]
    },
    "temp": [
        293.15,
        "\u00b0C"
    ],
    "dyn_viscosity": [
        0.001002,
        "N*s/m2"
    ],
    "kin_viscosity": [
        1.003802829882469e-06,
        "m2/s"
    ],
    "Re": {
        "main": 11427.42970947316,
        "kc": 19231.528047649943,
        "br_1": 15018.907618164718,
        "br_2": 19231.528047649943,
        "gd_1": 15018.907618164718,
        "gd_2": 19231.528047649943
    },
    "hOhm": "kg/(m^4 * s)",
    "pipe_pressure": {
        "kitchen": [
            7829.391891891835,
            "Pa"
        ],
        "bathroom": [
            8511.824324324203,
            "Pa"
        ],
        "garden": [
            7974.662162161956,
            "Pa"
        ]
    },
    "R_pipe": {
        "kitchen": [
            1249417687113.6316,
            "hOhm"
        ],
        "bathroom": [
            780190245664.4548,
            "hOhm"
        ],
        "garden": [
            525483448122.7629,
            "hOhm"
        ]
    },
    "R_appliance": {
        "kitchen": [
            614473145001666.0,
            "hOhm"
        ],
        "bathroom": [
            613369402457490.6,
            "hOhm"
        ],
        "garden": [
            614238189905628.9,
            "hOhm"
        ]
    },
    "R_total": {
        "kitchen": [
            615722562688779.6,
            "hOhm"
        ],
        "bathroom": [
            614149592703155.1,
            "hOhm"
        ],
        "garden": [
            614763673353751.6,
            "hOhm"
        ]
    }
}