{
    "flow": [
        2.4865427927927922e-05,
        "m3/s"
    ],
    "pressure": [
        387751.6891891891,
        "Pa"
    ],
    "room_pressure": {
        "kitchen": [
            379922.2972972973,
            "Pa"
        ],
        "bathroom": [
            379239.8648648649,
            "Pa"
        ],
        "garden": [
            379777.02702702716,
            "Pa"
        ]
    },
    "hOhm": "kg/(m^4 * s)",
    "R_total": [
        15594008287.8558,
        "hOhm"
    ],
    "pipe_pressure": {
        "kitchen": [
            7829.391891891835,
            "Pa"
        ],
        "bathroom": [
            8511.824324324203,
            "Pa"
        ],
        "garden": [
            7974.662162161956,
            "Pa"
        ]
    },
    "R_pipe": {
        "kitchen": [
            314870587.16967237,
            "hOhm"
        ],
        "bathroom": [
            342315617.8528518,
            "hOhm"
        ],
        "garden": [
            320712846.1764824,
            "hOhm"
        ]
    },
    "R_appliance": {
        "kitchen": [
            15279137700.686129,
            "hOhm"
        ],
        "bathroom": [
            15251692670.002949,
            "hOhm"
        ],
        "garden": [
            15273295441.679317,
            "hOhm"
        ]
    },
    "pipe": {
        "main": {
            "diameter": [
                0.00138,
                "m"
            ],
            "area": [
                2.9914245247482006e-06,
                "m\u00b2"
            ],
            "length": [
                6,
                "m"
            ]
        },
        "kc": {
            "diameter": [
                0.00082,
                "m"
            ],
            "area": [
                1.0562034501368885e-06,
                "m\u00b2"
            ],
            "length": [
                3,
                "m"
            ]
        },
        "br_1": {
            "diameter": [
                0.0010500000000000002,
                "m"
            ],
            "area": [
                1.7318029502913738e-06,
                "m\u00b2"
            ],
            "length": [
                6,
                "m"
            ]
        },
        "br_2": {
            "diameter": [
                0.00082,
                "m"
            ],
            "area": [
                1.0562034501368885e-06,
                "m\u00b2"
            ],
            "length": [
                3,
                "m"
            ]
        },
        "gd_1": {
            "diameter": [
                0.0010500000000000002,
                "m"
            ],
            "area": [
                1.7318029502913738e-06,
                "m\u00b2"
            ],
            "length": [
                12,
                "m"
            ]
        },
        "gd_2": {
            "diameter": [
                0.00082,
                "m"
            ],
            "area": [
                1.0562034501368885e-06,
                "m\u00b2"
            ],
            "length": [
                3,
                "m"
            ]
        }
    },
    "temp": [
        293.15,
        "\u00b0C"
    ],
    "density": [
        998.204,
        "kg/m\u00b3"
    ],
    "dyn_viscosity": [
        0.001002,
        "N*s/m\u00b2"
    ],
    "kin_viscosity": [
        1.003802829882469e-06,
        "m\u00b2/s"
    ],
    "Re": {
        "main": 11427.42970947316,
        "kc": 19231.528047649943,
        "br_1": 15018.907618164718,
        "br_2": 19231.528047649943,
        "gd_1": 15018.907618164718,
        "gd_2": 19231.528047649943
    }
}