{
    "pressure": [
        413999.99999999994,
        "Pa"
    ],
    "room_pressure": {
        "kitchen": [
            406397.3509933775,
            "Pa"
        ],
        "bathroom": [
            405615.8940397349,
            "Pa"
        ],
        "garden": [
            406000.00000000006,
            "Pa"
        ]
    },
    "room_pressure_diff": {
        "kitchen": [
            7602.649006622436,
            "Pa"
        ],
        "bathroom": [
            8384.105960265035,
            "Pa"
        ],
        "garden": [
            7999.999999999884,
            "Pa"
        ]
    }
}