{
    "static_room_pressure_loss": {
        "kitchen": [
            7056.890047289986,
            "Pa"
        ],
        "bathroom": [
            8029.440882715899,
            "Pa"
        ],
        "garden": [
            7649.761260590474,
            "Pa"
        ]
    },
    "density": [
        998.204,
        "kg/m3"
    ],
    "gravity": [
        9.82,
        "m/s2"
    ],
    "room_height": {
        "kitchen": [
            0.7199172123816642,
            "m"
        ],
        "bathroom": [
            0.8191331675187515,
            "m"
        ],
        "garden": [
            0.7803996895522601,
            "m"
        ]
    },
    "pipe": {
        "main": {
            "diameter": [
                0.00138,
                "m"
            ],
            "area": [
                2.9914245247482006e-06,
                "m2"
            ]
        },
        "kc": {
            "diameter": [
                0.00082,
                "m"
            ],
            "area": [
                1.0562034501368885e-06,
                "m2"
            ]
        },
        "br_1": {
            "diameter": [
                0.0010500000000000002,
                "m"
            ],
            "area": [
                1.7318029502913738e-06,
                "m2"
            ]
        },
        "br_2": {
            "diameter": [
                0.00082,
                "m"
            ],
            "area": [
                1.0562034501368885e-06,
                "m2"
            ]
        },
        "gd_1": {
            "diameter": [
                0.0010500000000000002,
                "m"
            ],
            "area": [
                1.7318029502913738e-06,
                "m2"
            ]
        },
        "gd_2": {
            "diameter": [
                0.00082,
                "m"
            ],
            "area": [
                1.0562034501368885e-06,
                "m2"
            ]
        }
    },
    "flow": [
        1.5824624129079574e-05,
        "m3/s"
    ],
    "pressure": [
        321962.59625962586,
        "Pa"
    ],
    "room_pressure": {
        "kitchen": [
            314772.8272827283,
            "Pa"
        ],
        "bathroom": [
            313315.18151815183,
            "Pa"
        ],
        "garden": [
            314269.5269526953,
            "Pa"
        ]
    },
    "temp": [
        293.15,
        "\u00b0C"
    ],
    "dyn_viscosity": [
        0.001002,
        "N*s/m2"
    ],
    "kin_viscosity": [
        1.003802829882469e-06,
        "m2/s"
    ],
    "Re": {
        "main": 7272.538419127017,
        "kc": 12239.150022433272,
        "br_1": 9558.193350852649,
        "br_2": 12239.150022433272,
        "gd_1": 9558.193350852649,
        "gd_2": 12239.150022433272
    },
    "hOhm": "kg/(m^4 * s)",
    "pipe_pressure": {
        "kitchen": [
            7189.768976897583,
            "Pa"
        ],
        "bathroom": [
            8647.41474147403,
            "Pa"
        ],
        "garden": [
            7693.069306930585,
            "Pa"
        ]
    },
    "R_pipe": {
        "kitchen": [
            530626963207.624,
            "hOhm"
        ],
        "bathroom": [
            2467762142447.1143,
            "hOhm"
        ],
        "garden": [
            172942521284.38495,
            "hOhm"
        ]
    },
    "R_appliance": {
        "kitchen": [
            1256985964099474.2,
            "hOhm"
        ],
        "bathroom": [
            1251165130444554.2,
            "hOhm"
        ],
        "garden": [
            1254976129082775.5,
            "hOhm"
        ]
    },
    "R_total": {
        "kitchen": [
            1257516591062681.8,
            "hOhm"
        ],
        "bathroom": [
            1253632892587001.2,
            "hOhm"
        ],
        "garden": [
            1255149071604060.0,
            "hOhm"
        ]
    }
}