{
    "flow": [
        1.5824624129079574e-05,
        "m3/s"
    ],
    "pressure": [
        321962.59625962586,
        "Pa"
    ],
    "room_pressure": {
        "kitchen": [
            314772.8272827283,
            "Pa"
        ],
        "bathroom": [
            313315.18151815183,
            "Pa"
        ],
        "garden": [
            314269.5269526953,
            "Pa"
        ]
    },
    "hOhm": "kg/(m^4 * s)",
    "R_total": [
        20345671001.940727,
        "hOhm"
    ],
    "pipe_pressure": {
        "kitchen": [
            7189.768976897583,
            "Pa"
        ],
        "bathroom": [
            8647.41474147403,
            "Pa"
        ],
        "garden": [
            7693.069306930585,
            "Pa"
        ]
    },
    "R_pipe": {
        "kitchen": [
            454340584.5378376,
            "hOhm"
        ],
        "bathroom": [
            546453089.2448438,
            "hOhm"
        ],
        "garden": [
            486145468.23855877,
            "hOhm"
        ]
    },
    "R_appliance": {
        "kitchen": [
            19891330417.40289,
            "hOhm"
        ],
        "bathroom": [
            19799217912.695885,
            "hOhm"
        ],
        "garden": [
            19859525533.702168,
            "hOhm"
        ]
    }
}