{
    "flow": [
        1.5824624129079574e-05,
        "m3/s"
    ],
    "pressure": [
        321962.59625962586,
        "Pa"
    ],
    "room_pressure": {
        "kitchen": [
            314772.8272827283,
            "Pa"
        ],
        "bathroom": [
            313315.18151815183,
            "Pa"
        ],
        "garden": [
            314269.5269526953,
            "Pa"
        ]
    },
    "hOhm": "kg/(m^4 * s)",
    "R_total": [
        20345671001.940727,
        "hOhm"
    ],
    "pipe_pressure": {
        "kitchen": [
            7189.768976897583,
            "Pa"
        ],
        "bathroom": [
            8647.41474147403,
            "Pa"
        ],
        "garden": [
            7693.069306930585,
            "Pa"
        ]
    },
    "R_pipe": {
        "kitchen": [
            454340584.5378376,
            "hOhm"
        ],
        "bathroom": [
            546453089.2448438,
            "hOhm"
        ],
        "garden": [
            486145468.23855877,
            "hOhm"
        ]
    },
    "R_appliance": {
        "kitchen": [
            19891330417.40289,
            "hOhm"
        ],
        "bathroom": [
            19799217912.695885,
            "hOhm"
        ],
        "garden": [
            19859525533.702168,
            "hOhm"
        ]
    },
    "pipe": {
        "main": {
            "diameter": [
                0.00138,
                "m"
            ],
            "area": [
                2.9914245247482006e-06,
                "m\u00b2"
            ],
            "length": [
                6,
                "m"
            ]
        },
        "kc": {
            "diameter": [
                0.00082,
                "m"
            ],
            "area": [
                1.0562034501368885e-06,
                "m\u00b2"
            ],
            "length": [
                3,
                "m"
            ]
        },
        "br_1": {
            "diameter": [
                0.0010500000000000002,
                "m"
            ],
            "area": [
                1.7318029502913738e-06,
                "m\u00b2"
            ],
            "length": [
                6,
                "m"
            ]
        },
        "br_2": {
            "diameter": [
                0.00082,
                "m"
            ],
            "area": [
                1.0562034501368885e-06,
                "m\u00b2"
            ],
            "length": [
                3,
                "m"
            ]
        },
        "gd_1": {
            "diameter": [
                0.0010500000000000002,
                "m"
            ],
            "area": [
                1.7318029502913738e-06,
                "m\u00b2"
            ],
            "length": [
                12,
                "m"
            ]
        },
        "gd_2": {
            "diameter": [
                0.00082,
                "m"
            ],
            "area": [
                1.0562034501368885e-06,
                "m\u00b2"
            ],
            "length": [
                3,
                "m"
            ]
        }
    },
    "temp": [
        293.15,
        "\u00b0C"
    ],
    "density": [
        998.204,
        "kg/m\u00b3"
    ],
    "dyn_viscosity": [
        0.001002,
        "N*s/m\u00b2"
    ],
    "kin_viscosity": [
        1.003802829882469e-06,
        "m\u00b2/s"
    ],
    "Re": {
        "main": 7272.538419127017,
        "kc": 12239.150022433272,
        "br_1": 9558.193350852649,
        "br_2": 12239.150022433272,
        "gd_1": 9558.193350852649,
        "gd_2": 12239.150022433272
    }
}