{
    "pressure": [
        381000.0,
        "Pa"
    ],
    "room_pressure": {
        "kitchen": [
            374000.00000000006,
            "Pa"
        ],
        "bathroom": [
            373000.0,
            "Pa"
        ],
        "garden": [
            0.0,
            "Pa"
        ]
    },
    "room_pressure_diff": {
        "kitchen": [
            6999.999999999942,
            "Pa"
        ],
        "bathroom": [
            8000.0,
            "Pa"
        ],
        "garden": [
            381000.0,
            "Pa"
        ]
    }
}