{
    "flow": [
        6.519612590799032e-05,
        "m3/s"
    ],
    "pressure": [
        339203.38983050844,
        "Pa"
    ],
    "room_pressure": {
        "kitchen": [
            330962.46973365615,
            "Pa"
        ],
        "bathroom": [
            326418.8861985472,
            "Pa"
        ],
        "garden": [
            330455.2058111381,
            "Pa"
        ]
    },
    "hOhm": "kg/(m^4 * s)",
    "R_total": [
        5202815122.929509,
        "hOhm"
    ],
    "pipe_pressure": {
        "kitchen": [
            8240.920096852293,
            "Pa"
        ],
        "bathroom": [
            12784.50363196124,
            "Pa"
        ],
        "garden": [
            8748.184019370354,
            "Pa"
        ]
    },
    "R_pipe": {
        "kitchen": [
            126401990.64101599,
            "hOhm"
        ],
        "bathroom": [
            196092995.61761835,
            "hOhm"
        ],
        "garden": [
            134182574.46334234,
            "hOhm"
        ]
    },
    "R_appliance": {
        "kitchen": [
            5076413132.288493,
            "hOhm"
        ],
        "bathroom": [
            5006722127.311891,
            "hOhm"
        ],
        "garden": [
            5068632548.4661665,
            "hOhm"
        ]
    }
}