{
    "static_room_pressure_loss": {
        "kitchen": [
            7056.890047289986,
            "Pa"
        ],
        "bathroom": [
            8029.440882715899,
            "Pa"
        ],
        "garden": [
            7649.761260590474,
            "Pa"
        ]
    },
    "density": [
        998.204,
        "kg/m3"
    ],
    "gravity": [
        9.82,
        "m/s2"
    ],
    "room_height": {
        "kitchen": [
            0.7199172123816642,
            "m"
        ],
        "bathroom": [
            0.8191331675187515,
            "m"
        ],
        "garden": [
            0.7803996895522601,
            "m"
        ]
    },
    "pipe": {
        "main": {
            "diameter": [
                0.00138,
                "m"
            ],
            "area": [
                2.9914245247482006e-06,
                "m2"
            ]
        },
        "kc": {
            "diameter": [
                0.00082,
                "m"
            ],
            "area": [
                1.0562034501368885e-06,
                "m2"
            ]
        },
        "br_1": {
            "diameter": [
                0.0010500000000000002,
                "m"
            ],
            "area": [
                1.7318029502913738e-06,
                "m2"
            ]
        },
        "br_2": {
            "diameter": [
                0.00082,
                "m"
            ],
            "area": [
                1.0562034501368885e-06,
                "m2"
            ]
        },
        "gd_1": {
            "diameter": [
                0.0010500000000000002,
                "m"
            ],
            "area": [
                1.7318029502913738e-06,
                "m2"
            ]
        },
        "gd_2": {
            "diameter": [
                0.00082,
                "m"
            ],
            "area": [
                1.0562034501368885e-06,
                "m2"
            ]
        }
    },
    "flow": [
        6.519612590799032e-05,
        "m3/s"
    ],
    "pressure": [
        339203.38983050844,
        "Pa"
    ],
    "room_pressure": {
        "kitchen": [
            330962.46973365615,
            "Pa"
        ],
        "bathroom": [
            326418.8861985472,
            "Pa"
        ],
        "garden": [
            330455.2058111381,
            "Pa"
        ]
    },
    "temp": [
        293.15,
        "\u00b0C"
    ],
    "dyn_viscosity": [
        0.001002,
        "N*s/m2"
    ],
    "kin_viscosity": [
        1.003802829882469e-06,
        "m2/s"
    ],
    "Re": {
        "main": 29962.249123681395,
        "kc": 50424.2729154638,
        "br_1": 39378.95599112411,
        "br_2": 50424.2729154638,
        "gd_1": 39378.95599112411,
        "gd_2": 50424.2729154638
    },
    "hOhm": "kg/(m^4 * s)",
    "pipe_pressure": {
        "kitchen": [
            8240.920096852293,
            "Pa"
        ],
        "bathroom": [
            12784.50363196124,
            "Pa"
        ],
        "garden": [
            8748.184019370354,
            "Pa"
        ]
    },
    "R_pipe": {
        "kitchen": [
            278560250878.4217,
            "hOhm"
        ],
        "bathroom": [
            1118697513515.0212,
            "hOhm"
        ],
        "garden": [
            258419893455.7446,
            "hOhm"
        ]
    },
    "R_appliance": {
        "kitchen": [
            77863723673592.34,
            "hOhm"
        ],
        "bathroom": [
            76794779714024.02,
            "hOhm"
        ],
        "garden": [
            77744382474802.3,
            "hOhm"
        ]
    },
    "R_total": {
        "kitchen": [
            78142283924470.77,
            "hOhm"
        ],
        "bathroom": [
            77913477227539.03,
            "hOhm"
        ],
        "garden": [
            78002802368258.05,
            "hOhm"
        ]
    }
}