{
    "flow": [
        6.519612590799032e-05,
        "m3/s"
    ],
    "pressure": [
        339203.38983050844,
        "Pa"
    ],
    "room_pressure": {
        "kitchen": [
            330962.46973365615,
            "Pa"
        ],
        "bathroom": [
            326418.8861985472,
            "Pa"
        ],
        "garden": [
            330455.2058111381,
            "Pa"
        ]
    },
    "hOhm": "kg/(m^4 * s)",
    "R_total": [
        5202815122.929509,
        "hOhm"
    ],
    "pipe_pressure": {
        "kitchen": [
            8240.920096852293,
            "Pa"
        ],
        "bathroom": [
            12784.50363196124,
            "Pa"
        ],
        "garden": [
            8748.184019370354,
            "Pa"
        ]
    },
    "R_pipe": {
        "kitchen": [
            126401990.64101599,
            "hOhm"
        ],
        "bathroom": [
            196092995.61761835,
            "hOhm"
        ],
        "garden": [
            134182574.46334234,
            "hOhm"
        ]
    },
    "R_appliance": {
        "kitchen": [
            5076413132.288493,
            "hOhm"
        ],
        "bathroom": [
            5006722127.311891,
            "hOhm"
        ],
        "garden": [
            5068632548.4661665,
            "hOhm"
        ]
    },
    "pipe": {
        "main": {
            "diameter": [
                0.00138,
                "m"
            ],
            "area": [
                2.9914245247482006e-06,
                "m\u00b2"
            ],
            "length": [
                6,
                "m"
            ]
        },
        "kc": {
            "diameter": [
                0.00082,
                "m"
            ],
            "area": [
                1.0562034501368885e-06,
                "m\u00b2"
            ],
            "length": [
                3,
                "m"
            ]
        },
        "br_1": {
            "diameter": [
                0.0010500000000000002,
                "m"
            ],
            "area": [
                1.7318029502913738e-06,
                "m\u00b2"
            ],
            "length": [
                6,
                "m"
            ]
        },
        "br_2": {
            "diameter": [
                0.00082,
                "m"
            ],
            "area": [
                1.0562034501368885e-06,
                "m\u00b2"
            ],
            "length": [
                3,
                "m"
            ]
        },
        "gd_1": {
            "diameter": [
                0.0010500000000000002,
                "m"
            ],
            "area": [
                1.7318029502913738e-06,
                "m\u00b2"
            ],
            "length": [
                12,
                "m"
            ]
        },
        "gd_2": {
            "diameter": [
                0.00082,
                "m"
            ],
            "area": [
                1.0562034501368885e-06,
                "m\u00b2"
            ],
            "length": [
                3,
                "m"
            ]
        }
    },
    "temp": [
        293.15,
        "\u00b0C"
    ],
    "density": [
        998.204,
        "kg/m\u00b3"
    ],
    "dyn_viscosity": [
        0.001002,
        "N*s/m\u00b2"
    ],
    "kin_viscosity": [
        1.003802829882469e-06,
        "m\u00b2/s"
    ],
    "Re": {
        "main": 29962.249123681395,
        "kc": 50424.2729154638,
        "br_1": 39378.95599112411,
        "br_2": 50424.2729154638,
        "gd_1": 39378.95599112411,
        "gd_2": 50424.2729154638
    }
}