{
    "pressure": [
        428000.0,
        "Pa"
    ],
    "room_pressure": {
        "kitchen": [
            420999.9999999999,
            "Pa"
        ],
        "bathroom": [
            420000.0000000002,
            "Pa"
        ],
        "garden": [
            0.0,
            "Pa"
        ]
    },
    "room_pressure_diff": {
        "kitchen": [
            7000.000000000116,
            "Pa"
        ],
        "bathroom": [
            7999.999999999825,
            "Pa"
        ],
        "garden": [
            428000.0,
            "Pa"
        ]
    }
}