{
    "pressure": [
        426999.9999999999,
        "Pa"
    ],
    "room_pressure": {
        "kitchen": [
            419991.76954732527,
            "Pa"
        ],
        "bathroom": [
            418991.7695473251,
            "Pa"
        ],
        "garden": [
            0.0,
            "Pa"
        ]
    },
    "room_pressure_diff": {
        "kitchen": [
            7008.230452674616,
            "Pa"
        ],
        "bathroom": [
            8008.23045267479,
            "Pa"
        ],
        "garden": [
            426999.9999999999,
            "Pa"
        ]
    }
}