{
    "pressure": [
        371906.77966101695,
        "Pa"
    ],
    "room_pressure": {
        "kitchen": [
            364635.593220339,
            "Pa"
        ],
        "bathroom": [
            363618.6440677966,
            "Pa"
        ],
        "garden": [
            364084.74576271186,
            "Pa"
        ]
    },
    "room_pressure_diff": {
        "kitchen": [
            7271.186440677964,
            "Pa"
        ],
        "bathroom": [
            8288.135593220359,
            "Pa"
        ],
        "garden": [
            7822.03389830509,
            "Pa"
        ]
    }
}