{
    "flow": [
        0.00014302836879432623,
        "m3/s"
    ],
    "pressure": [
        387712.7659574469,
        "Pa"
    ],
    "room_pressure": {
        "kitchen": [
            375428.19148936175,
            "Pa"
        ],
        "bathroom": [
            358797.87234042556,
            "Pa"
        ],
        "garden": [
            374957.44680851063,
            "Pa"
        ]
    },
    "hOhm": "kg/(m^4 * s)",
    "R_total": [
        2710740318.3418465,
        "hOhm"
    ],
    "pipe_pressure": {
        "kitchen": [
            12284.574468085135,
            "Pa"
        ],
        "bathroom": [
            28914.893617021327,
            "Pa"
        ],
        "garden": [
            12755.31914893625,
            "Pa"
        ]
    },
    "R_pipe": {
        "kitchen": [
            85889076.2136165,
            "hOhm"
        ],
        "bathroom": [
            202161947.73640144,
            "hOhm"
        ],
        "garden": [
            89180344.12654394,
            "hOhm"
        ]
    },
    "R_appliance": {
        "kitchen": [
            2624851242.12823,
            "hOhm"
        ],
        "bathroom": [
            2508578370.605445,
            "hOhm"
        ],
        "garden": [
            2621559974.2153025,
            "hOhm"
        ]
    }
}