{
    "static_room_pressure_loss": {
        "kitchen": [
            7056.890047289986,
            "Pa"
        ],
        "bathroom": [
            8029.440882715899,
            "Pa"
        ],
        "garden": [
            7649.761260590474,
            "Pa"
        ]
    },
    "density": [
        998.204,
        "kg/m3"
    ],
    "gravity": [
        9.82,
        "m/s2"
    ],
    "room_height": {
        "kitchen": [
            0.7186242410682266,
            "m"
        ],
        "bathroom": [
            0.8176620043498879,
            "m"
        ],
        "garden": [
            0.7789980917098243,
            "m"
        ]
    },
    "pipe": {
        "main": {
            "diameter": [
                0.00138,
                "m"
            ],
            "area": [
                2.9914245247482006e-06,
                "m2"
            ]
        },
        "kc": {
            "diameter": [
                0.00082,
                "m"
            ],
            "area": [
                1.0562034501368885e-06,
                "m2"
            ]
        },
        "br_1": {
            "diameter": [
                0.0010500000000000002,
                "m"
            ],
            "area": [
                1.7318029502913738e-06,
                "m2"
            ]
        },
        "br_2": {
            "diameter": [
                0.00082,
                "m"
            ],
            "area": [
                1.0562034501368885e-06,
                "m2"
            ]
        },
        "gd_1": {
            "diameter": [
                0.0010500000000000002,
                "m"
            ],
            "area": [
                1.7318029502913738e-06,
                "m2"
            ]
        },
        "gd_2": {
            "diameter": [
                0.00082,
                "m"
            ],
            "area": [
                1.0562034501368885e-06,
                "m2"
            ]
        }
    },
    "flow": [
        0.0001432119771863118,
        "m3/s"
    ],
    "pressure": [
        387697.71863117866,
        "Pa"
    ],
    "room_pressure": {
        "kitchen": [
            375404.94296577934,
            "Pa"
        ],
        "bathroom": [
            358768.06083650194,
            "Pa"
        ],
        "garden": [
            374929.6577946768,
            "Pa"
        ]
    },
    "temp": [
        293.15,
        "\u00b0C"
    ],
    "dyn_viscosity": [
        0.001002,
        "N*s/m2"
    ],
    "kin_viscosity": [
        1.003802829882469e-06,
        "m2/s"
    ],
    "Re": {
        "main": 65816.07232317708,
        "kc": 110763.63390973702,
        "br_1": 86501.12362474701,
        "br_2": 110763.63390973702,
        "gd_1": 86501.12362474701,
        "gd_2": 110763.63390973702
    },
    "hOhm": "kg/(m^4 * s)",
    "pipe_pressure": {
        "kitchen": [
            12292.775665399327,
            "Pa"
        ],
        "bathroom": [
            28929.65779467672,
            "Pa"
        ],
        "garden": [
            12768.060836501885,
            "Pa"
        ]
    },
    "R_pipe": {
        "kitchen": [
            255288627927.2109,
            "hOhm"
        ],
        "bathroom": [
            1019042066232.5752,
            "hOhm"
        ],
        "garden": [
            249555427936.69235,
            "hOhm"
        ]
    },
    "R_appliance": {
        "kitchen": [
            18303801839245.09,
            "hOhm"
        ],
        "bathroom": [
            17492629265673.168,
            "hOhm"
        ],
        "garden": [
            18280628128424.277,
            "hOhm"
        ]
    },
    "R_total": {
        "kitchen": [
            18559090467172.3,
            "hOhm"
        ],
        "bathroom": [
            18511671331905.742,
            "hOhm"
        ],
        "garden": [
            18530183556360.97,
            "hOhm"
        ]
    }
}