,FT0101[l/m],PT0102[Bar],PT0201[Bar],PT0202[Bar],PT0203[Bar],outlet_pressure[Bar],PT0106
count,526.0,526.0,526.0,526.0,526.0,526.0,526.0
mean,8.592718631178707,3.8769771863117866,3.7540494296577944,3.5876806083650195,3.7492965779467684,4.000216730038023,3.889239543726236
std,0.06775322670108382,0.006545623945047802,0.008243290469789744,0.009337108985152515,0.010183060989917846,0.005673210693487031,0.002653234321134604
min,8.45,3.86,3.73,3.56,3.72,3.986,3.88
25%,8.55,3.87,3.75,3.58,3.74,3.996,3.89
50%,8.59,3.88,3.75,3.59,3.75,4.0,3.89
75%,8.63,3.88,3.76,3.59,3.76,4.005,3.89
max,8.78,3.9,3.78,3.61,3.78,4.013,3.89
