{
    "flow": [
        0.0004949018372703411,
        "m3/s"
    ],
    "pressure": [
        337330.70866141736,
        "Pa"
    ],
    "room_pressure": {
        "kitchen": [
            278628.3464566929,
            "Pa"
        ],
        "bathroom": [
            271218.8976377953,
            "Pa"
        ],
        "garden": [
            119412.59842519685,
            "Pa"
        ]
    },
    "hOhm": "kg/(m^4 * s)",
    "R_total": [
        681611348.4685849,
        "hOhm"
    ],
    "pipe_pressure": {
        "kitchen": [
            58702.36220472446,
            "Pa"
        ],
        "bathroom": [
            66111.81102362205,
            "Pa"
        ],
        "garden": [
            217918.11023622053,
            "Pa"
        ]
    },
    "R_pipe": {
        "kitchen": [
            118614152.91666855,
            "hOhm"
        ],
        "bathroom": [
            133585705.37597004,
            "hOhm"
        ],
        "garden": [
            440325926.93161154,
            "hOhm"
        ]
    },
    "R_appliance": {
        "kitchen": [
            562997195.5519164,
            "hOhm"
        ],
        "bathroom": [
            548025643.0926149,
            "hOhm"
        ],
        "garden": [
            241285421.53697336,
            "hOhm"
        ]
    }
}