{
    "pressure": [
        417000.0000000002,
        "Pa"
    ],
    "room_pressure": {
        "kitchen": [
            409356.43564356444,
            "Pa"
        ],
        "bathroom": [
            408495.04950495047,
            "Pa"
        ],
        "garden": [
            409000.00000000006,
            "Pa"
        ]
    },
    "room_pressure_diff": {
        "kitchen": [
            7643.564356435731,
            "Pa"
        ],
        "bathroom": [
            8504.950495049707,
            "Pa"
        ],
        "garden": [
            8000.000000000116,
            "Pa"
        ]
    }
}