{
    "flow": [
        5.176779513888888e-05,
        "m3/s"
    ],
    "pressure": [
        387727.8645833334,
        "Pa"
    ],
    "room_pressure": {
        "kitchen": [
            379710.9375,
            "Pa"
        ],
        "bathroom": [
            376315.1041666666,
            "Pa"
        ],
        "garden": [
            379274.7395833333,
            "Pa"
        ]
    },
    "hOhm": "kg/(m^4 * s)",
    "R_total": [
        7489750404.534138,
        "hOhm"
    ],
    "pipe_pressure": {
        "kitchen": [
            8016.927083333372,
            "Pa"
        ],
        "bathroom": [
            11412.760416666744,
            "Pa"
        ],
        "garden": [
            8453.125000000058,
            "Pa"
        ]
    },
    "R_pipe": {
        "kitchen": [
            154863212.96521503,
            "hOhm"
        ],
        "bathroom": [
            220460623.94674554,
            "hOhm"
        ],
        "garden": [
            163289260.7715085,
            "hOhm"
        ]
    },
    "R_appliance": {
        "kitchen": [
            7334887191.568923,
            "hOhm"
        ],
        "bathroom": [
            7269289780.587392,
            "hOhm"
        ],
        "garden": [
            7326461143.7626295,
            "hOhm"
        ]
    }
}