{
    "flow": [
        5.176779513888888e-05,
        "m3/s"
    ],
    "pressure": [
        387727.8645833334,
        "Pa"
    ],
    "room_pressure": {
        "kitchen": [
            379710.9375,
            "Pa"
        ],
        "bathroom": [
            376315.1041666666,
            "Pa"
        ],
        "garden": [
            379274.7395833333,
            "Pa"
        ]
    },
    "hOhm": "kg/(m^4 * s)",
    "R_total": [
        7489750404.534138,
        "hOhm"
    ],
    "pipe_pressure": {
        "kitchen": [
            8016.927083333372,
            "Pa"
        ],
        "bathroom": [
            11412.760416666744,
            "Pa"
        ],
        "garden": [
            8453.125000000058,
            "Pa"
        ]
    },
    "R_pipe": {
        "kitchen": [
            154863212.96521503,
            "hOhm"
        ],
        "bathroom": [
            220460623.94674554,
            "hOhm"
        ],
        "garden": [
            163289260.7715085,
            "hOhm"
        ]
    },
    "R_appliance": {
        "kitchen": [
            7334887191.568923,
            "hOhm"
        ],
        "bathroom": [
            7269289780.587392,
            "hOhm"
        ],
        "garden": [
            7326461143.7626295,
            "hOhm"
        ]
    },
    "pipe": {
        "main": {
            "diameter": [
                0.00138,
                "m"
            ],
            "area": [
                2.9914245247482006e-06,
                "m\u00b2"
            ],
            "length": [
                6,
                "m"
            ]
        },
        "kc": {
            "diameter": [
                0.00082,
                "m"
            ],
            "area": [
                1.0562034501368885e-06,
                "m\u00b2"
            ],
            "length": [
                3,
                "m"
            ]
        },
        "br_1": {
            "diameter": [
                0.0010500000000000002,
                "m"
            ],
            "area": [
                1.7318029502913738e-06,
                "m\u00b2"
            ],
            "length": [
                6,
                "m"
            ]
        },
        "br_2": {
            "diameter": [
                0.00082,
                "m"
            ],
            "area": [
                1.0562034501368885e-06,
                "m\u00b2"
            ],
            "length": [
                3,
                "m"
            ]
        },
        "gd_1": {
            "diameter": [
                0.0010500000000000002,
                "m"
            ],
            "area": [
                1.7318029502913738e-06,
                "m\u00b2"
            ],
            "length": [
                12,
                "m"
            ]
        },
        "gd_2": {
            "diameter": [
                0.00082,
                "m"
            ],
            "area": [
                1.0562034501368885e-06,
                "m\u00b2"
            ],
            "length": [
                3,
                "m"
            ]
        }
    },
    "temp": [
        293.15,
        "\u00b0C"
    ],
    "density": [
        998.204,
        "kg/m\u00b3"
    ],
    "dyn_viscosity": [
        0.001002,
        "N*s/m\u00b2"
    ],
    "kin_viscosity": [
        1.003802829882469e-06,
        "m\u00b2/s"
    ],
    "Re": {
        "main": 23790.97765293741,
        "kc": 40038.47458665075,
        "br_1": 31268.142058146306,
        "br_2": 40038.47458665075,
        "gd_1": 31268.142058146306,
        "gd_2": 40038.47458665075
    }
}