{
    "static_room_pressure_loss": {
        "kitchen": [
            7056.890047289986,
            "Pa"
        ],
        "bathroom": [
            8029.440882715899,
            "Pa"
        ],
        "garden": [
            7649.761260590474,
            "Pa"
        ]
    },
    "density": [
        998.204,
        "kg/m3"
    ],
    "gravity": [
        9.82,
        "m/s2"
    ],
    "room_height": {
        "kitchen": [
            0.7199172123816642,
            "m"
        ],
        "bathroom": [
            0.8191331675187515,
            "m"
        ],
        "garden": [
            0.7803996895522601,
            "m"
        ]
    },
    "pipe": {
        "main": {
            "diameter": [
                0.00138,
                "m"
            ],
            "area": [
                2.9914245247482006e-06,
                "m2"
            ]
        },
        "kc": {
            "diameter": [
                0.00082,
                "m"
            ],
            "area": [
                1.0562034501368885e-06,
                "m2"
            ]
        },
        "br_1": {
            "diameter": [
                0.0010500000000000002,
                "m"
            ],
            "area": [
                1.7318029502913738e-06,
                "m2"
            ]
        },
        "br_2": {
            "diameter": [
                0.00082,
                "m"
            ],
            "area": [
                1.0562034501368885e-06,
                "m2"
            ]
        },
        "gd_1": {
            "diameter": [
                0.0010500000000000002,
                "m"
            ],
            "area": [
                1.7318029502913738e-06,
                "m2"
            ]
        },
        "gd_2": {
            "diameter": [
                0.00082,
                "m"
            ],
            "area": [
                1.0562034501368885e-06,
                "m2"
            ]
        }
    },
    "flow": [
        5.176779513888888e-05,
        "m3/s"
    ],
    "pressure": [
        387727.8645833334,
        "Pa"
    ],
    "room_pressure": {
        "kitchen": [
            379710.9375,
            "Pa"
        ],
        "bathroom": [
            376315.1041666666,
            "Pa"
        ],
        "garden": [
            379274.7395833333,
            "Pa"
        ]
    },
    "temp": [
        293.15,
        "\u00b0C"
    ],
    "dyn_viscosity": [
        0.001002,
        "N*s/m2"
    ],
    "kin_viscosity": [
        1.003802829882469e-06,
        "m2/s"
    ],
    "Re": {
        "main": 23790.97765293741,
        "kc": 40038.47458665075,
        "br_1": 31268.142058146306,
        "br_2": 40038.47458665075,
        "gd_1": 31268.142058146306,
        "gd_2": 40038.47458665075
    },
    "hOhm": "kg/(m^4 * s)",
    "pipe_pressure": {
        "kitchen": [
            8016.927083333372,
            "Pa"
        ],
        "bathroom": [
            11412.760416666744,
            "Pa"
        ],
        "garden": [
            8453.125000000058,
            "Pa"
        ]
    },
    "R_pipe": {
        "kitchen": [
            358235524948.2286,
            "hOhm"
        ],
        "bathroom": [
            1262477595976.519,
            "hOhm"
        ],
        "garden": [
            299773258850.3577,
            "hOhm"
        ]
    },
    "R_appliance": {
        "kitchen": [
            141688228596369.66,
            "hOhm"
        ],
        "bathroom": [
            140421081506068.88,
            "hOhm"
        ],
        "garden": [
            141525462386534.25,
            "hOhm"
        ]
    },
    "R_total": {
        "kitchen": [
            142046464121317.88,
            "hOhm"
        ],
        "bathroom": [
            141683559102045.4,
            "hOhm"
        ],
        "garden": [
            141825235645384.6,
            "hOhm"
        ]
    }
}