{
    "pressure": [
        426999.9999999999,
        "Pa"
    ],
    "room_pressure": {
        "kitchen": [
            419846.15384615393,
            "Pa"
        ],
        "bathroom": [
            418809.1168091168,
            "Pa"
        ],
        "garden": [
            0.0,
            "Pa"
        ]
    },
    "room_pressure_diff": {
        "kitchen": [
            7153.846153845952,
            "Pa"
        ],
        "bathroom": [
            8190.883190883091,
            "Pa"
        ],
        "garden": [
            426999.9999999999,
            "Pa"
        ]
    }
}