{
    "pressure": [
        399000.0000000001,
        "Pa"
    ],
    "room_pressure": {
        "kitchen": [
            392000.00000000006,
            "Pa"
        ],
        "bathroom": [
            390999.9999999998,
            "Pa"
        ],
        "garden": [
            0.0,
            "Pa"
        ]
    },
    "room_pressure_diff": {
        "kitchen": [
            7000.000000000058,
            "Pa"
        ],
        "bathroom": [
            8000.000000000291,
            "Pa"
        ],
        "garden": [
            399000.0000000001,
            "Pa"
        ]
    }
}