{
    "pressure": [
        439999.9999999999,
        "Pa"
    ],
    "room_pressure": {
        "kitchen": [
            432999.99999999994,
            "Pa"
        ],
        "bathroom": [
            431999.99999999994,
            "Pa"
        ],
        "garden": [
            432059.76095617533,
            "Pa"
        ]
    },
    "room_pressure_diff": {
        "kitchen": [
            6999.999999999942,
            "Pa"
        ],
        "bathroom": [
            7999.999999999942,
            "Pa"
        ],
        "garden": [
            7940.239043824549,
            "Pa"
        ]
    }
}