{
    "static_room_pressure_loss": {
        "kitchen": [
            7056.890047289986,
            "Pa"
        ],
        "bathroom": [
            8029.440882715899,
            "Pa"
        ],
        "garden": [
            7649.761260590474,
            "Pa"
        ]
    },
    "density": [
        998.204,
        "kg/m3"
    ],
    "gravity": [
        9.82,
        "m/s2"
    ],
    "room_height": {
        "kitchen": [
            0.7199172123816642,
            "m"
        ],
        "bathroom": [
            0.8191331675187515,
            "m"
        ],
        "garden": [
            0.7803996895522601,
            "m"
        ]
    },
    "pipe": {
        "main": {
            "diameter": [
                0.00138,
                "m"
            ],
            "area": [
                2.9914245247482006e-06,
                "m2"
            ]
        },
        "kc": {
            "diameter": [
                0.00082,
                "m"
            ],
            "area": [
                1.0562034501368885e-06,
                "m2"
            ]
        },
        "br_1": {
            "diameter": [
                0.0010500000000000002,
                "m"
            ],
            "area": [
                1.7318029502913738e-06,
                "m2"
            ]
        },
        "br_2": {
            "diameter": [
                0.00082,
                "m"
            ],
            "area": [
                1.0562034501368885e-06,
                "m2"
            ]
        },
        "gd_1": {
            "diameter": [
                0.0010500000000000002,
                "m"
            ],
            "area": [
                1.7318029502913738e-06,
                "m2"
            ]
        },
        "gd_2": {
            "diameter": [
                0.00082,
                "m"
            ],
            "area": [
                1.0562034501368885e-06,
                "m2"
            ]
        }
    },
    "flow": [
        0.0004367855977152182,
        "m3/s"
    ],
    "pressure": [
        377104.0391676867,
        "Pa"
    ],
    "room_pressure": {
        "kitchen": [
            328877.6009791921,
            "Pa"
        ],
        "bathroom": [
            327913.0966952265,
            "Pa"
        ],
        "garden": [
            145279.06976744186,
            "Pa"
        ]
    },
    "temp": [
        293.15,
        "\u00b0C"
    ],
    "dyn_viscosity": [
        0.001002,
        "N*s/m2"
    ],
    "kin_viscosity": [
        1.003802829882469e-06,
        "m2/s"
    ],
    "Re": {
        "main": 200733.99623236698,
        "kc": 337820.62780569063,
        "br_1": 263821.8236196823,
        "br_2": 337820.62780569063,
        "gd_1": 263821.8236196823,
        "gd_2": 337820.62780569063
    },
    "hOhm": "kg/(m^4 * s)",
    "pipe_pressure": {
        "kitchen": [
            48226.43818849459,
            "Pa"
        ],
        "bathroom": [
            49190.942472460214,
            "Pa"
        ],
        "garden": [
            231824.96940024485,
            "Pa"
        ]
    },
    "R_pipe": {
        "kitchen": [
            215794057419.55533,
            "hOhm"
        ],
        "bathroom": [
            215751880663.5245,
            "hOhm"
        ],
        "garden": [
            1175035430833.7056,
            "hOhm"
        ]
    },
    "R_appliance": {
        "kitchen": [
            1723842867215.711,
            "hOhm"
        ],
        "bathroom": [
            1718787327326.8198,
            "hOhm"
        ],
        "garden": [
            761493903594.1926,
            "hOhm"
        ]
    },
    "R_total": {
        "kitchen": [
            1939636924635.2664,
            "hOhm"
        ],
        "bathroom": [
            1934539207990.3442,
            "hOhm"
        ],
        "garden": [
            1936529334427.8982,
            "hOhm"
        ]
    }
}