{
    "flow": [
        0.0004367855977152182,
        "m3/s"
    ],
    "pressure": [
        377104.0391676867,
        "Pa"
    ],
    "room_pressure": {
        "kitchen": [
            328877.6009791921,
            "Pa"
        ],
        "bathroom": [
            327913.0966952265,
            "Pa"
        ],
        "garden": [
            145279.06976744186,
            "Pa"
        ]
    },
    "hOhm": "kg/(m^4 * s)",
    "R_total": [
        863361889.9988467,
        "hOhm"
    ],
    "pipe_pressure": {
        "kitchen": [
            48226.43818849459,
            "Pa"
        ],
        "bathroom": [
            49190.942472460214,
            "Pa"
        ],
        "garden": [
            231824.96940024485,
            "Pa"
        ]
    },
    "R_pipe": {
        "kitchen": [
            110412152.8749168,
            "hOhm"
        ],
        "bathroom": [
            112620339.88705927,
            "hOhm"
        ],
        "garden": [
            530752320.16096246,
            "hOhm"
        ]
    },
    "R_appliance": {
        "kitchen": [
            752949737.1239299,
            "hOhm"
        ],
        "bathroom": [
            750741550.1117873,
            "hOhm"
        ],
        "garden": [
            332609569.8378842,
            "hOhm"
        ]
    }
}