{
    "flow": [
        0.0004367855977152182,
        "m3/s"
    ],
    "pressure": [
        377104.0391676867,
        "Pa"
    ],
    "room_pressure": {
        "kitchen": [
            328877.6009791921,
            "Pa"
        ],
        "bathroom": [
            327913.0966952265,
            "Pa"
        ],
        "garden": [
            145279.06976744186,
            "Pa"
        ]
    },
    "hOhm": "kg/(m^4 * s)",
    "R_total": [
        863361889.9988467,
        "hOhm"
    ],
    "pipe_pressure": {
        "kitchen": [
            48226.43818849459,
            "Pa"
        ],
        "bathroom": [
            49190.942472460214,
            "Pa"
        ],
        "garden": [
            231824.96940024485,
            "Pa"
        ]
    },
    "R_pipe": {
        "kitchen": [
            110412152.8749168,
            "hOhm"
        ],
        "bathroom": [
            112620339.88705927,
            "hOhm"
        ],
        "garden": [
            530752320.16096246,
            "hOhm"
        ]
    },
    "R_appliance": {
        "kitchen": [
            752949737.1239299,
            "hOhm"
        ],
        "bathroom": [
            750741550.1117873,
            "hOhm"
        ],
        "garden": [
            332609569.8378842,
            "hOhm"
        ]
    },
    "pipe": {
        "main": {
            "diameter": [
                0.00138,
                "m"
            ],
            "area": [
                2.9914245247482006e-06,
                "m\u00b2"
            ],
            "length": [
                6,
                "m"
            ]
        },
        "kc": {
            "diameter": [
                0.00082,
                "m"
            ],
            "area": [
                1.0562034501368885e-06,
                "m\u00b2"
            ],
            "length": [
                3,
                "m"
            ]
        },
        "br_1": {
            "diameter": [
                0.0010500000000000002,
                "m"
            ],
            "area": [
                1.7318029502913738e-06,
                "m\u00b2"
            ],
            "length": [
                6,
                "m"
            ]
        },
        "br_2": {
            "diameter": [
                0.00082,
                "m"
            ],
            "area": [
                1.0562034501368885e-06,
                "m\u00b2"
            ],
            "length": [
                3,
                "m"
            ]
        },
        "gd_1": {
            "diameter": [
                0.0010500000000000002,
                "m"
            ],
            "area": [
                1.7318029502913738e-06,
                "m\u00b2"
            ],
            "length": [
                12,
                "m"
            ]
        },
        "gd_2": {
            "diameter": [
                0.00082,
                "m"
            ],
            "area": [
                1.0562034501368885e-06,
                "m\u00b2"
            ],
            "length": [
                3,
                "m"
            ]
        }
    },
    "temp": [
        293.15,
        "\u00b0C"
    ],
    "density": [
        998.204,
        "kg/m\u00b3"
    ],
    "dyn_viscosity": [
        0.001002,
        "N*s/m\u00b2"
    ],
    "kin_viscosity": [
        1.003802829882469e-06,
        "m\u00b2/s"
    ],
    "Re": {
        "main": 200733.99623236698,
        "kc": 337820.62780569063,
        "br_1": 263821.8236196823,
        "br_2": 337820.62780569063,
        "gd_1": 263821.8236196823,
        "gd_2": 337820.62780569063
    }
}