{
    "flow": [
        0.0007231446731234867,
        "m3/s"
    ],
    "pressure": [
        277654.9636803874,
        "Pa"
    ],
    "room_pressure": {
        "kitchen": [
            236645.2784503632,
            "Pa"
        ],
        "bathroom": [
            235636.803874092,
            "Pa"
        ],
        "garden": [
            236140.43583535106,
            "Pa"
        ]
    },
    "hOhm": "kg/(m^4 * s)",
    "R_total": [
        383954931.84110624,
        "hOhm"
    ],
    "pipe_pressure": {
        "kitchen": [
            41009.68523002422,
            "Pa"
        ],
        "bathroom": [
            42018.159806295414,
            "Pa"
        ],
        "garden": [
            41514.527845036355,
            "Pa"
        ]
    },
    "R_pipe": {
        "kitchen": [
            56710208.55742549,
            "hOhm"
        ],
        "bathroom": [
            58104776.772821836,
            "hOhm"
        ],
        "garden": [
            57408329.740883246,
            "hOhm"
        ]
    },
    "R_appliance": {
        "kitchen": [
            327244723.28368074,
            "hOhm"
        ],
        "bathroom": [
            325850155.0682844,
            "hOhm"
        ],
        "garden": [
            326546602.100223,
            "hOhm"
        ]
    },
    "pipe": {
        "main": {
            "diameter": [
                0.00138,
                "m"
            ],
            "area": [
                2.9914245247482006e-06,
                "m\u00b2"
            ],
            "length": [
                6,
                "m"
            ]
        },
        "kc": {
            "diameter": [
                0.00082,
                "m"
            ],
            "area": [
                1.0562034501368885e-06,
                "m\u00b2"
            ],
            "length": [
                3,
                "m"
            ]
        },
        "br_1": {
            "diameter": [
                0.0010500000000000002,
                "m"
            ],
            "area": [
                1.7318029502913738e-06,
                "m\u00b2"
            ],
            "length": [
                6,
                "m"
            ]
        },
        "br_2": {
            "diameter": [
                0.00082,
                "m"
            ],
            "area": [
                1.0562034501368885e-06,
                "m\u00b2"
            ],
            "length": [
                3,
                "m"
            ]
        },
        "gd_1": {
            "diameter": [
                0.0010500000000000002,
                "m"
            ],
            "area": [
                1.7318029502913738e-06,
                "m\u00b2"
            ],
            "length": [
                12,
                "m"
            ]
        },
        "gd_2": {
            "diameter": [
                0.00082,
                "m"
            ],
            "area": [
                1.0562034501368885e-06,
                "m\u00b2"
            ],
            "length": [
                3,
                "m"
            ]
        }
    },
    "temp": [
        293.15,
        "\u00b0C"
    ],
    "density": [
        998.204,
        "kg/m\u00b3"
    ],
    "dyn_viscosity": [
        0.001002,
        "N*s/m\u00b2"
    ],
    "kin_viscosity": [
        1.003802829882469e-06,
        "m\u00b2/s"
    ],
    "Re": {
        "main": 332336.3243878512,
        "kc": 559297.716652725,
        "br_1": 436784.88348117576,
        "br_2": 559297.716652725,
        "gd_1": 436784.88348117576,
        "gd_2": 559297.716652725
    }
}