{
    "flow": [
        0.0007231446731234867,
        "m3/s"
    ],
    "pressure": [
        277654.9636803874,
        "Pa"
    ],
    "room_pressure": {
        "kitchen": [
            236645.2784503632,
            "Pa"
        ],
        "bathroom": [
            235636.803874092,
            "Pa"
        ],
        "garden": [
            236140.43583535106,
            "Pa"
        ]
    },
    "hOhm": "kg/(m^4 * s)",
    "R_total": [
        383954931.84110624,
        "hOhm"
    ],
    "pipe_pressure": {
        "kitchen": [
            41009.68523002422,
            "Pa"
        ],
        "bathroom": [
            42018.159806295414,
            "Pa"
        ],
        "garden": [
            41514.527845036355,
            "Pa"
        ]
    },
    "R_pipe": {
        "kitchen": [
            56710208.55742549,
            "hOhm"
        ],
        "bathroom": [
            58104776.772821836,
            "hOhm"
        ],
        "garden": [
            57408329.740883246,
            "hOhm"
        ]
    },
    "R_appliance": {
        "kitchen": [
            327244723.28368074,
            "hOhm"
        ],
        "bathroom": [
            325850155.0682844,
            "hOhm"
        ],
        "garden": [
            326546602.100223,
            "hOhm"
        ]
    }
}