{
    "static_room_pressure_loss": {
        "kitchen": [
            7056.890047289986,
            "Pa"
        ],
        "bathroom": [
            8029.440882715899,
            "Pa"
        ],
        "garden": [
            7649.761260590474,
            "Pa"
        ]
    },
    "density": [
        998.204,
        "kg/m3"
    ],
    "gravity": [
        9.82,
        "m/s2"
    ],
    "room_height": {
        "kitchen": [
            0.7199172123816642,
            "m"
        ],
        "bathroom": [
            0.8191331675187515,
            "m"
        ],
        "garden": [
            0.7803996895522601,
            "m"
        ]
    },
    "pipe": {
        "main": {
            "diameter": [
                0.00138,
                "m"
            ],
            "area": [
                2.9914245247482006e-06,
                "m2"
            ]
        },
        "kc": {
            "diameter": [
                0.00082,
                "m"
            ],
            "area": [
                1.0562034501368885e-06,
                "m2"
            ]
        },
        "br_1": {
            "diameter": [
                0.0010500000000000002,
                "m"
            ],
            "area": [
                1.7318029502913738e-06,
                "m2"
            ]
        },
        "br_2": {
            "diameter": [
                0.00082,
                "m"
            ],
            "area": [
                1.0562034501368885e-06,
                "m2"
            ]
        },
        "gd_1": {
            "diameter": [
                0.0010500000000000002,
                "m"
            ],
            "area": [
                1.7318029502913738e-06,
                "m2"
            ]
        },
        "gd_2": {
            "diameter": [
                0.00082,
                "m"
            ],
            "area": [
                1.0562034501368885e-06,
                "m2"
            ]
        }
    },
    "flow": [
        0.0007231446731234867,
        "m3/s"
    ],
    "pressure": [
        277654.9636803874,
        "Pa"
    ],
    "room_pressure": {
        "kitchen": [
            236645.2784503632,
            "Pa"
        ],
        "bathroom": [
            235636.803874092,
            "Pa"
        ],
        "garden": [
            236140.43583535106,
            "Pa"
        ]
    },
    "temp": [
        293.15,
        "\u00b0C"
    ],
    "dyn_viscosity": [
        0.001002,
        "N*s/m2"
    ],
    "kin_viscosity": [
        1.003802829882469e-06,
        "m2/s"
    ],
    "Re": {
        "main": 332336.3243878512,
        "kc": 559297.716652725,
        "br_1": 436784.88348117576,
        "br_2": 559297.716652725,
        "gd_1": 436784.88348117576,
        "gd_2": 559297.716652725
    },
    "hOhm": "kg/(m^4 * s)",
    "pipe_pressure": {
        "kitchen": [
            41009.68523002422,
            "Pa"
        ],
        "bathroom": [
            42018.159806295414,
            "Pa"
        ],
        "garden": [
            41514.527845036355,
            "Pa"
        ]
    },
    "R_pipe": {
        "kitchen": [
            64926972243.98864,
            "hOhm"
        ],
        "bathroom": [
            64995668200.01255,
            "hOhm"
        ],
        "garden": [
            64758637639.22386,
            "hOhm"
        ]
    },
    "R_appliance": {
        "kitchen": [
            452530088993.4085,
            "hOhm"
        ],
        "bathroom": [
            450601611515.48865,
            "hOhm"
        ],
        "garden": [
            451564692704.94196,
            "hOhm"
        ]
    },
    "R_total": {
        "kitchen": [
            517457061237.39716,
            "hOhm"
        ],
        "bathroom": [
            515597279715.5012,
            "hOhm"
        ],
        "garden": [
            516323330344.16583,
            "hOhm"
        ]
    }
}