{
    "pressure": [
        417000.0,
        "Pa"
    ],
    "room_pressure": {
        "kitchen": [
            409999.99999999994,
            "Pa"
        ],
        "bathroom": [
            409000.0,
            "Pa"
        ],
        "garden": [
            409085.7142857142,
            "Pa"
        ]
    },
    "room_pressure_diff": {
        "kitchen": [
            7000.000000000058,
            "Pa"
        ],
        "bathroom": [
            8000.0,
            "Pa"
        ],
        "garden": [
            7914.285714285797,
            "Pa"
        ]
    }
}