{
    "pressure": [
        375000.0,
        "Pa"
    ],
    "room_pressure": {
        "kitchen": [
            368000.0,
            "Pa"
        ],
        "bathroom": [
            367000.00000000006,
            "Pa"
        ],
        "garden": [
            367022.93577981665,
            "Pa"
        ]
    },
    "room_pressure_diff": {
        "kitchen": [
            7000.0,
            "Pa"
        ],
        "bathroom": [
            7999.999999999942,
            "Pa"
        ],
        "garden": [
            7977.064220183354,
            "Pa"
        ]
    }
}