{
    "pressure": [
        370835.22727272735,
        "Pa"
    ],
    "room_pressure": {
        "kitchen": [
            363875.0,
            "Pa"
        ],
        "bathroom": [
            362715.90909090894,
            "Pa"
        ],
        "garden": [
            363102.2727272728,
            "Pa"
        ]
    },
    "room_pressure_diff": {
        "kitchen": [
            6960.227272727352,
            "Pa"
        ],
        "bathroom": [
            8119.318181818409,
            "Pa"
        ],
        "garden": [
            7732.95454545453,
            "Pa"
        ]
    }
}