{
    "pressure": [
        341000.0,
        "Pa"
    ],
    "room_pressure": {
        "kitchen": [
            334000.0,
            "Pa"
        ],
        "bathroom": [
            332999.9999999999,
            "Pa"
        ],
        "garden": [
            333217.3913043478,
            "Pa"
        ]
    },
    "room_pressure_diff": {
        "kitchen": [
            7000.0,
            "Pa"
        ],
        "bathroom": [
            8000.000000000116,
            "Pa"
        ],
        "garden": [
            7782.6086956522195,
            "Pa"
        ]
    }
}