{
    "flow": [
        0.00012746338383838382,
        "m3/s"
    ],
    "pressure": [
        387597.22222222225,
        "Pa"
    ],
    "room_pressure": {
        "kitchen": [
            376383.8383838384,
            "Pa"
        ],
        "bathroom": [
            362801.76767676766,
            "Pa"
        ],
        "garden": [
            375920.45454545453,
            "Pa"
        ]
    },
    "hOhm": "kg/(m^4 * s)",
    "R_total": [
        3040851502.2139463,
        "hOhm"
    ],
    "pipe_pressure": {
        "kitchen": [
            11213.38383838383,
            "Pa"
        ],
        "bathroom": [
            24795.454545454588,
            "Pa"
        ],
        "garden": [
            11676.767676767719,
            "Pa"
        ]
    },
    "R_pipe": {
        "kitchen": [
            87973373.22067137,
            "hOhm"
        ],
        "bathroom": [
            194530019.51441824,
            "hOhm"
        ],
        "garden": [
            91608800.30906117,
            "hOhm"
        ]
    },
    "R_appliance": {
        "kitchen": [
            2952878128.993275,
            "hOhm"
        ],
        "bathroom": [
            2846321482.699528,
            "hOhm"
        ],
        "garden": [
            2949242701.9048853,
            "hOhm"
        ]
    },
    "pipe": {
        "main": {
            "diameter": [
                0.00138,
                "m"
            ],
            "area": [
                2.9914245247482006e-06,
                "m\u00b2"
            ],
            "length": [
                6,
                "m"
            ]
        },
        "kc": {
            "diameter": [
                0.00082,
                "m"
            ],
            "area": [
                1.0562034501368885e-06,
                "m\u00b2"
            ],
            "length": [
                3,
                "m"
            ]
        },
        "br_1": {
            "diameter": [
                0.0010500000000000002,
                "m"
            ],
            "area": [
                1.7318029502913738e-06,
                "m\u00b2"
            ],
            "length": [
                6,
                "m"
            ]
        },
        "br_2": {
            "diameter": [
                0.00082,
                "m"
            ],
            "area": [
                1.0562034501368885e-06,
                "m\u00b2"
            ],
            "length": [
                3,
                "m"
            ]
        },
        "gd_1": {
            "diameter": [
                0.0010500000000000002,
                "m"
            ],
            "area": [
                1.7318029502913738e-06,
                "m\u00b2"
            ],
            "length": [
                12,
                "m"
            ]
        },
        "gd_2": {
            "diameter": [
                0.00082,
                "m"
            ],
            "area": [
                1.0562034501368885e-06,
                "m\u00b2"
            ],
            "length": [
                3,
                "m"
            ]
        }
    },
    "temp": [
        293.15,
        "\u00b0C"
    ],
    "density": [
        998.204,
        "kg/m\u00b3"
    ],
    "dyn_viscosity": [
        0.001002,
        "N*s/m\u00b2"
    ],
    "kin_viscosity": [
        1.003802829882469e-06,
        "m\u00b2/s"
    ],
    "Re": {
        "main": 58578.47544657588,
        "kc": 98583.28794667646,
        "br_1": 76988.85344407114,
        "br_2": 98583.28794667646,
        "gd_1": 76988.85344407114,
        "gd_2": 98583.28794667646
    }
}