{
    "flow": [
        0.00012746338383838382,
        "m3/s"
    ],
    "pressure": [
        387597.22222222225,
        "Pa"
    ],
    "room_pressure": {
        "kitchen": [
            376383.8383838384,
            "Pa"
        ],
        "bathroom": [
            362801.76767676766,
            "Pa"
        ],
        "garden": [
            375920.45454545453,
            "Pa"
        ]
    },
    "hOhm": "kg/(m^4 * s)",
    "R_total": [
        3040851502.2139463,
        "hOhm"
    ],
    "pipe_pressure": {
        "kitchen": [
            11213.38383838383,
            "Pa"
        ],
        "bathroom": [
            24795.454545454588,
            "Pa"
        ],
        "garden": [
            11676.767676767719,
            "Pa"
        ]
    },
    "R_pipe": {
        "kitchen": [
            87973373.22067137,
            "hOhm"
        ],
        "bathroom": [
            194530019.51441824,
            "hOhm"
        ],
        "garden": [
            91608800.30906117,
            "hOhm"
        ]
    },
    "R_appliance": {
        "kitchen": [
            2952878128.993275,
            "hOhm"
        ],
        "bathroom": [
            2846321482.699528,
            "hOhm"
        ],
        "garden": [
            2949242701.9048853,
            "hOhm"
        ]
    }
}