{
    "static_room_pressure_loss": {
        "kitchen": [
            7056.890047289986,
            "Pa"
        ],
        "bathroom": [
            8029.440882715899,
            "Pa"
        ],
        "garden": [
            7649.761260590474,
            "Pa"
        ]
    },
    "density": [
        998.204,
        "kg/m3"
    ],
    "gravity": [
        9.82,
        "m/s2"
    ],
    "room_height": {
        "kitchen": [
            0.7199172123816642,
            "m"
        ],
        "bathroom": [
            0.8191331675187515,
            "m"
        ],
        "garden": [
            0.7803996895522601,
            "m"
        ]
    },
    "pipe": {
        "main": {
            "diameter": [
                0.00138,
                "m"
            ],
            "area": [
                2.9914245247482006e-06,
                "m2"
            ]
        },
        "kc": {
            "diameter": [
                0.00082,
                "m"
            ],
            "area": [
                1.0562034501368885e-06,
                "m2"
            ]
        },
        "br_1": {
            "diameter": [
                0.0010500000000000002,
                "m"
            ],
            "area": [
                1.7318029502913738e-06,
                "m2"
            ]
        },
        "br_2": {
            "diameter": [
                0.00082,
                "m"
            ],
            "area": [
                1.0562034501368885e-06,
                "m2"
            ]
        },
        "gd_1": {
            "diameter": [
                0.0010500000000000002,
                "m"
            ],
            "area": [
                1.7318029502913738e-06,
                "m2"
            ]
        },
        "gd_2": {
            "diameter": [
                0.00082,
                "m"
            ],
            "area": [
                1.0562034501368885e-06,
                "m2"
            ]
        }
    },
    "flow": [
        0.00012746338383838382,
        "m3/s"
    ],
    "pressure": [
        387597.22222222225,
        "Pa"
    ],
    "room_pressure": {
        "kitchen": [
            376383.8383838384,
            "Pa"
        ],
        "bathroom": [
            362801.76767676766,
            "Pa"
        ],
        "garden": [
            375920.45454545453,
            "Pa"
        ]
    },
    "temp": [
        293.15,
        "\u00b0C"
    ],
    "dyn_viscosity": [
        0.001002,
        "N*s/m2"
    ],
    "kin_viscosity": [
        1.003802829882469e-06,
        "m2/s"
    ],
    "Re": {
        "main": 58578.47544657588,
        "kc": 98583.28794667646,
        "br_1": 76988.85344407114,
        "br_2": 98583.28794667646,
        "gd_1": 76988.85344407114,
        "gd_2": 98583.28794667646
    },
    "hOhm": "kg/(m^4 * s)",
    "pipe_pressure": {
        "kitchen": [
            11213.38383838383,
            "Pa"
        ],
        "bathroom": [
            24795.454545454588,
            "Pa"
        ],
        "garden": [
            11676.767676767719,
            "Pa"
        ]
    },
    "R_pipe": {
        "kitchen": [
            255832814461.29205,
            "hOhm"
        ],
        "bathroom": [
            1031950648362.7205,
            "hOhm"
        ],
        "garden": [
            247862847169.84558,
            "hOhm"
        ]
    },
    "R_appliance": {
        "kitchen": [
            23166481542160.79,
            "hOhm"
        ],
        "bathroom": [
            22330503058890.22,
            "hOhm"
        ],
        "garden": [
            23137960197607.445,
            "hOhm"
        ]
    },
    "R_total": {
        "kitchen": [
            23422314356622.082,
            "hOhm"
        ],
        "bathroom": [
            23362453707252.938,
            "hOhm"
        ],
        "garden": [
            23385823044777.29,
            "hOhm"
        ]
    }
}