{
    "flow": [
        0.00015679671717171712,
        "m3/s"
    ],
    "pressure": [
        387413.6363636364,
        "Pa"
    ],
    "room_pressure": {
        "kitchen": [
            374446.96969696967,
            "Pa"
        ],
        "bathroom": [
            354887.8787878788,
            "Pa"
        ],
        "garden": [
            373981.8181818182,
            "Pa"
        ]
    },
    "hOhm": "kg/(m^4 * s)",
    "R_total": [
        2470801961.621157,
        "hOhm"
    ],
    "pipe_pressure": {
        "kitchen": [
            12966.666666666744,
            "Pa"
        ],
        "bathroom": [
            32525.757575757627,
            "Pa"
        ],
        "garden": [
            13431.818181818235,
            "Pa"
        ]
    },
    "R_pipe": {
        "kitchen": [
            82697309.61564839,
            "hOhm"
        ],
        "bathroom": [
            207439021.44415942,
            "hOhm"
        ],
        "garden": [
            85663899.24546875,
            "hOhm"
        ]
    },
    "R_appliance": {
        "kitchen": [
            2388104652.005509,
            "hOhm"
        ],
        "bathroom": [
            2263362940.1769977,
            "hOhm"
        ],
        "garden": [
            2385138062.3756886,
            "hOhm"
        ]
    }
}