{
    "flow": [
        0.00015679671717171712,
        "m3/s"
    ],
    "pressure": [
        387413.6363636364,
        "Pa"
    ],
    "room_pressure": {
        "kitchen": [
            374446.96969696967,
            "Pa"
        ],
        "bathroom": [
            354887.8787878788,
            "Pa"
        ],
        "garden": [
            373981.8181818182,
            "Pa"
        ]
    },
    "hOhm": "kg/(m^4 * s)",
    "R_total": [
        2470801961.621157,
        "hOhm"
    ],
    "pipe_pressure": {
        "kitchen": [
            12966.666666666744,
            "Pa"
        ],
        "bathroom": [
            32525.757575757627,
            "Pa"
        ],
        "garden": [
            13431.818181818235,
            "Pa"
        ]
    },
    "R_pipe": {
        "kitchen": [
            82697309.61564839,
            "hOhm"
        ],
        "bathroom": [
            207439021.44415942,
            "hOhm"
        ],
        "garden": [
            85663899.24546875,
            "hOhm"
        ]
    },
    "R_appliance": {
        "kitchen": [
            2388104652.005509,
            "hOhm"
        ],
        "bathroom": [
            2263362940.1769977,
            "hOhm"
        ],
        "garden": [
            2385138062.3756886,
            "hOhm"
        ]
    },
    "pipe": {
        "main": {
            "diameter": [
                0.00138,
                "m"
            ],
            "area": [
                2.9914245247482006e-06,
                "m\u00b2"
            ],
            "length": [
                6,
                "m"
            ]
        },
        "kc": {
            "diameter": [
                0.00082,
                "m"
            ],
            "area": [
                1.0562034501368885e-06,
                "m\u00b2"
            ],
            "length": [
                3,
                "m"
            ]
        },
        "br_1": {
            "diameter": [
                0.0010500000000000002,
                "m"
            ],
            "area": [
                1.7318029502913738e-06,
                "m\u00b2"
            ],
            "length": [
                6,
                "m"
            ]
        },
        "br_2": {
            "diameter": [
                0.00082,
                "m"
            ],
            "area": [
                1.0562034501368885e-06,
                "m\u00b2"
            ],
            "length": [
                3,
                "m"
            ]
        },
        "gd_1": {
            "diameter": [
                0.0010500000000000002,
                "m"
            ],
            "area": [
                1.7318029502913738e-06,
                "m\u00b2"
            ],
            "length": [
                12,
                "m"
            ]
        },
        "gd_2": {
            "diameter": [
                0.00082,
                "m"
            ],
            "area": [
                1.0562034501368885e-06,
                "m\u00b2"
            ],
            "length": [
                3,
                "m"
            ]
        }
    },
    "temp": [
        293.15,
        "\u00b0C"
    ],
    "density": [
        998.204,
        "kg/m\u00b3"
    ],
    "dyn_viscosity": [
        0.001002,
        "N*s/m\u00b2"
    ],
    "kin_viscosity": [
        1.003802829882469e-06,
        "m\u00b2/s"
    ],
    "Re": {
        "main": 72059.22493469239,
        "kc": 121270.40293887253,
        "br_1": 94706.40991416713,
        "br_2": 121270.40293887253,
        "gd_1": 94706.40991416713,
        "gd_2": 121270.40293887253
    }
}