{
    "static_room_pressure_loss": {
        "kitchen": [
            7056.890047289986,
            "Pa"
        ],
        "bathroom": [
            8029.440882715899,
            "Pa"
        ],
        "garden": [
            7649.761260590474,
            "Pa"
        ]
    },
    "density": [
        998.204,
        "kg/m3"
    ],
    "gravity": [
        9.82,
        "m/s2"
    ],
    "room_height": {
        "kitchen": [
            0.7199172123816642,
            "m"
        ],
        "bathroom": [
            0.8191331675187515,
            "m"
        ],
        "garden": [
            0.7803996895522601,
            "m"
        ]
    },
    "pipe": {
        "main": {
            "diameter": [
                0.00138,
                "m"
            ],
            "area": [
                2.9914245247482006e-06,
                "m2"
            ]
        },
        "kc": {
            "diameter": [
                0.00082,
                "m"
            ],
            "area": [
                1.0562034501368885e-06,
                "m2"
            ]
        },
        "br_1": {
            "diameter": [
                0.0010500000000000002,
                "m"
            ],
            "area": [
                1.7318029502913738e-06,
                "m2"
            ]
        },
        "br_2": {
            "diameter": [
                0.00082,
                "m"
            ],
            "area": [
                1.0562034501368885e-06,
                "m2"
            ]
        },
        "gd_1": {
            "diameter": [
                0.0010500000000000002,
                "m"
            ],
            "area": [
                1.7318029502913738e-06,
                "m2"
            ]
        },
        "gd_2": {
            "diameter": [
                0.00082,
                "m"
            ],
            "area": [
                1.0562034501368885e-06,
                "m2"
            ]
        }
    },
    "flow": [
        0.00015679671717171712,
        "m3/s"
    ],
    "pressure": [
        387413.6363636364,
        "Pa"
    ],
    "room_pressure": {
        "kitchen": [
            374446.96969696967,
            "Pa"
        ],
        "bathroom": [
            354887.8787878788,
            "Pa"
        ],
        "garden": [
            373981.8181818182,
            "Pa"
        ]
    },
    "temp": [
        293.15,
        "\u00b0C"
    ],
    "dyn_viscosity": [
        0.001002,
        "N*s/m2"
    ],
    "kin_viscosity": [
        1.003802829882469e-06,
        "m2/s"
    ],
    "Re": {
        "main": 72059.22493469239,
        "kc": 121270.40293887253,
        "br_1": 94706.40991416713,
        "br_2": 121270.40293887253,
        "gd_1": 94706.40991416713,
        "gd_2": 121270.40293887253
    },
    "hOhm": "kg/(m^4 * s)",
    "pipe_pressure": {
        "kitchen": [
            12966.666666666744,
            "Pa"
        ],
        "bathroom": [
            32525.757575757627,
            "Pa"
        ],
        "garden": [
            13431.818181818235,
            "Pa"
        ]
    },
    "R_pipe": {
        "kitchen": [
            240379337633.58124,
            "hOhm"
        ],
        "bathroom": [
            996384256188.1464,
            "hOhm"
        ],
        "garden": [
            235184356770.31897,
            "hOhm"
        ]
    },
    "R_appliance": {
        "kitchen": [
            15230578133789.355,
            "hOhm"
        ],
        "bathroom": [
            14435014845994.885,
            "hOhm"
        ],
        "garden": [
            15211658160952.35,
            "hOhm"
        ]
    },
    "R_total": {
        "kitchen": [
            15470957471422.938,
            "hOhm"
        ],
        "bathroom": [
            15431399102183.031,
            "hOhm"
        ],
        "garden": [
            15446842517722.668,
            "hOhm"
        ]
    }
}