{
    "pressure": [
        379999.9999999999,
        "Pa"
    ],
    "room_pressure": {
        "kitchen": [
            373126.86567164166,
            "Pa"
        ],
        "bathroom": [
            372108.20895522396,
            "Pa"
        ],
        "garden": [
            0.0,
            "Pa"
        ]
    },
    "room_pressure_diff": {
        "kitchen": [
            6873.134328358225,
            "Pa"
        ],
        "bathroom": [
            7891.79104477592,
            "Pa"
        ],
        "garden": [
            379999.9999999999,
            "Pa"
        ]
    }
}