{
    "pressure": [
        426864.8648648647,
        "Pa"
    ],
    "room_pressure": {
        "kitchen": [
            419735.52123552124,
            "Pa"
        ],
        "bathroom": [
            418727.79922779923,
            "Pa"
        ],
        "garden": [
            0.0,
            "Pa"
        ]
    },
    "room_pressure_diff": {
        "kitchen": [
            7129.343629343435,
            "Pa"
        ],
        "bathroom": [
            8137.065637065447,
            "Pa"
        ],
        "garden": [
            426864.8648648647,
            "Pa"
        ]
    }
}