{
    "flow": [
        0.0004157778641783308,
        "m3/s"
    ],
    "pressure": [
        338057.5427682737,
        "Pa"
    ],
    "room_pressure": {
        "kitchen": [
            293597.20062208397,
            "Pa"
        ],
        "bathroom": [
            292614.30793157074,
            "Pa"
        ],
        "garden": [
            127144.63452566096,
            "Pa"
        ]
    },
    "hOhm": "kg/(m^4 * s)",
    "R_total": [
        813072488.6865978,
        "hOhm"
    ],
    "pipe_pressure": {
        "kitchen": [
            44460.34214618971,
            "Pa"
        ],
        "bathroom": [
            45443.23483670293,
            "Pa"
        ],
        "garden": [
            210912.90824261273,
            "Pa"
        ]
    },
    "R_pipe": {
        "kitchen": [
            106932922.54519898,
            "hOhm"
        ],
        "bathroom": [
            109296907.6805203,
            "hOhm"
        ],
        "garden": [
            507273057.1153021,
            "hOhm"
        ]
    },
    "R_appliance": {
        "kitchen": [
            706139566.1413989,
            "hOhm"
        ],
        "bathroom": [
            703775581.0060775,
            "hOhm"
        ],
        "garden": [
            305799431.57129574,
            "hOhm"
        ]
    }
}