{
    "pressure": [
        348641.0256410256,
        "Pa"
    ],
    "room_pressure": {
        "kitchen": [
            341806.2678062679,
            "Pa"
        ],
        "bathroom": [
            340849.00284900283,
            "Pa"
        ],
        "garden": [
            341025.641025641,
            "Pa"
        ]
    },
    "room_pressure_diff": {
        "kitchen": [
            6834.757834757736,
            "Pa"
        ],
        "bathroom": [
            7792.022792022792,
            "Pa"
        ],
        "garden": [
            7615.384615384624,
            "Pa"
        ]
    }
}