{
    "pressure": [
        425999.9999999998,
        "Pa"
    ],
    "room_pressure": {
        "kitchen": [
            419000.00000000006,
            "Pa"
        ],
        "bathroom": [
            418000.0,
            "Pa"
        ],
        "garden": [
            0.0,
            "Pa"
        ]
    },
    "room_pressure_diff": {
        "kitchen": [
            6999.999999999767,
            "Pa"
        ],
        "bathroom": [
            7999.999999999825,
            "Pa"
        ],
        "garden": [
            425999.9999999998,
            "Pa"
        ]
    }
}