{
    "pressure": [
        417029.41176470596,
        "Pa"
    ],
    "room_pressure": {
        "kitchen": [
            410000.0000000001,
            "Pa"
        ],
        "bathroom": [
            409000.0,
            "Pa"
        ],
        "garden": [
            409117.64705882344,
            "Pa"
        ]
    },
    "room_pressure_diff": {
        "kitchen": [
            7029.411764705845,
            "Pa"
        ],
        "bathroom": [
            8029.411764705961,
            "Pa"
        ],
        "garden": [
            7911.764705882524,
            "Pa"
        ]
    }
}