{
    "pressure": [
        371000.0,
        "Pa"
    ],
    "room_pressure": {
        "kitchen": [
            364000.0,
            "Pa"
        ],
        "bathroom": [
            363000.0,
            "Pa"
        ],
        "garden": [
            363926.6055045872,
            "Pa"
        ]
    },
    "room_pressure_diff": {
        "kitchen": [
            7000.0,
            "Pa"
        ],
        "bathroom": [
            8000.0,
            "Pa"
        ],
        "garden": [
            7073.394495412824,
            "Pa"
        ]
    }
}