{
    "flow": [
        0.0004132677857713828,
        "m3/s"
    ],
    "pressure": [
        338119.9040767386,
        "Pa"
    ],
    "room_pressure": {
        "kitchen": [
            293946.0431654676,
            "Pa"
        ],
        "bathroom": [
            293019.1846522782,
            "Pa"
        ],
        "garden": [
            128793.76498800961,
            "Pa"
        ]
    },
    "hOhm": "kg/(m^4 * s)",
    "R_total": [
        818161772.3859668,
        "hOhm"
    ],
    "pipe_pressure": {
        "kitchen": [
            44173.86091127095,
            "Pa"
        ],
        "bathroom": [
            45100.719424460374,
            "Pa"
        ],
        "garden": [
            209326.13908872896,
            "Pa"
        ]
    },
    "R_pipe": {
        "kitchen": [
            106889194.9291873,
            "hOhm"
        ],
        "bathroom": [
            109131950.22031023,
            "hOhm"
        ],
        "garden": [
            506514531.9711101,
            "hOhm"
        ]
    },
    "R_appliance": {
        "kitchen": [
            711272577.4567795,
            "hOhm"
        ],
        "bathroom": [
            709029822.1656566,
            "hOhm"
        ],
        "garden": [
            311647240.4148567,
            "hOhm"
        ]
    }
}