{
    "flow": [
        0.0004132677857713828,
        "m3/s"
    ],
    "pressure": [
        338119.9040767386,
        "Pa"
    ],
    "room_pressure": {
        "kitchen": [
            293946.0431654676,
            "Pa"
        ],
        "bathroom": [
            293019.1846522782,
            "Pa"
        ],
        "garden": [
            128793.76498800961,
            "Pa"
        ]
    },
    "hOhm": "kg/(m^4 * s)",
    "R_total": [
        818161772.3859668,
        "hOhm"
    ],
    "pipe_pressure": {
        "kitchen": [
            44173.86091127095,
            "Pa"
        ],
        "bathroom": [
            45100.719424460374,
            "Pa"
        ],
        "garden": [
            209326.13908872896,
            "Pa"
        ]
    },
    "R_pipe": {
        "kitchen": [
            106889194.9291873,
            "hOhm"
        ],
        "bathroom": [
            109131950.22031023,
            "hOhm"
        ],
        "garden": [
            506514531.9711101,
            "hOhm"
        ]
    },
    "R_appliance": {
        "kitchen": [
            711272577.4567795,
            "hOhm"
        ],
        "bathroom": [
            709029822.1656566,
            "hOhm"
        ],
        "garden": [
            311647240.4148567,
            "hOhm"
        ]
    },
    "pipe": {
        "main": {
            "diameter": [
                0.00138,
                "m"
            ],
            "area": [
                2.9914245247482006e-06,
                "m\u00b2"
            ],
            "length": [
                6,
                "m"
            ]
        },
        "kc": {
            "diameter": [
                0.00082,
                "m"
            ],
            "area": [
                1.0562034501368885e-06,
                "m\u00b2"
            ],
            "length": [
                3,
                "m"
            ]
        },
        "br_1": {
            "diameter": [
                0.0010500000000000002,
                "m"
            ],
            "area": [
                1.7318029502913738e-06,
                "m\u00b2"
            ],
            "length": [
                6,
                "m"
            ]
        },
        "br_2": {
            "diameter": [
                0.00082,
                "m"
            ],
            "area": [
                1.0562034501368885e-06,
                "m\u00b2"
            ],
            "length": [
                3,
                "m"
            ]
        },
        "gd_1": {
            "diameter": [
                0.0010500000000000002,
                "m"
            ],
            "area": [
                1.7318029502913738e-06,
                "m\u00b2"
            ],
            "length": [
                12,
                "m"
            ]
        },
        "gd_2": {
            "diameter": [
                0.00082,
                "m"
            ],
            "area": [
                1.0562034501368885e-06,
                "m\u00b2"
            ],
            "length": [
                3,
                "m"
            ]
        }
    },
    "temp": [
        293.15,
        "\u00b0C"
    ],
    "density": [
        998.204,
        "kg/m\u00b3"
    ],
    "dyn_viscosity": [
        0.001002,
        "N*s/m\u00b2"
    ],
    "kin_viscosity": [
        1.003802829882469e-06,
        "m\u00b2/s"
    ],
    "Re": {
        "main": 189925.89175543014,
        "kc": 319631.3788079189,
        "br_1": 249616.88630713674,
        "br_2": 319631.3788079189,
        "gd_1": 249616.88630713674,
        "gd_2": 319631.3788079189
    }
}