{
    "static_room_pressure_loss": {
        "kitchen": [
            7056.890047289986,
            "Pa"
        ],
        "bathroom": [
            8029.440882715899,
            "Pa"
        ],
        "garden": [
            7649.761260590474,
            "Pa"
        ]
    },
    "density": [
        998.204,
        "kg/m3"
    ],
    "gravity": [
        9.82,
        "m/s2"
    ],
    "room_height": {
        "kitchen": [
            0.7199172123816642,
            "m"
        ],
        "bathroom": [
            0.8191331675187515,
            "m"
        ],
        "garden": [
            0.7803996895522601,
            "m"
        ]
    },
    "pipe": {
        "main": {
            "diameter": [
                0.00138,
                "m"
            ],
            "area": [
                2.9914245247482006e-06,
                "m2"
            ]
        },
        "kc": {
            "diameter": [
                0.00082,
                "m"
            ],
            "area": [
                1.0562034501368885e-06,
                "m2"
            ]
        },
        "br_1": {
            "diameter": [
                0.0010500000000000002,
                "m"
            ],
            "area": [
                1.7318029502913738e-06,
                "m2"
            ]
        },
        "br_2": {
            "diameter": [
                0.00082,
                "m"
            ],
            "area": [
                1.0562034501368885e-06,
                "m2"
            ]
        },
        "gd_1": {
            "diameter": [
                0.0010500000000000002,
                "m"
            ],
            "area": [
                1.7318029502913738e-06,
                "m2"
            ]
        },
        "gd_2": {
            "diameter": [
                0.00082,
                "m"
            ],
            "area": [
                1.0562034501368885e-06,
                "m2"
            ]
        }
    },
    "flow": [
        0.0004132677857713828,
        "m3/s"
    ],
    "pressure": [
        338119.9040767386,
        "Pa"
    ],
    "room_pressure": {
        "kitchen": [
            293946.0431654676,
            "Pa"
        ],
        "bathroom": [
            293019.1846522782,
            "Pa"
        ],
        "garden": [
            128793.76498800961,
            "Pa"
        ]
    },
    "temp": [
        293.15,
        "\u00b0C"
    ],
    "dyn_viscosity": [
        0.001002,
        "N*s/m2"
    ],
    "kin_viscosity": [
        1.003802829882469e-06,
        "m2/s"
    ],
    "Re": {
        "main": 189925.89175543014,
        "kc": 319631.3788079189,
        "br_1": 249616.88630713674,
        "br_2": 319631.3788079189,
        "gd_1": 249616.88630713674,
        "gd_2": 319631.3788079189
    },
    "hOhm": "kg/(m^4 * s)",
    "pipe_pressure": {
        "kitchen": [
            44173.86091127095,
            "Pa"
        ],
        "bathroom": [
            45100.719424460374,
            "Pa"
        ],
        "garden": [
            209326.13908872896,
            "Pa"
        ]
    },
    "R_pipe": {
        "kitchen": [
            217324865393.0893,
            "hOhm"
        ],
        "bathroom": [
            217057330690.0034,
            "hOhm"
        ],
        "garden": [
            1180842365210.3252,
            "hOhm"
        ]
    },
    "R_appliance": {
        "kitchen": [
            1721093687786.8608,
            "hOhm"
        ],
        "bathroom": [
            1715666806311.1204,
            "hOhm"
        ],
        "garden": [
            754104847134.7777,
            "hOhm"
        ]
    },
    "R_total": {
        "kitchen": [
            1938418553179.9502,
            "hOhm"
        ],
        "bathroom": [
            1932724137001.1238,
            "hOhm"
        ],
        "garden": [
            1934947212345.103,
            "hOhm"
        ]
    }
}