{
    "pressure": [
        426999.9999999999,
        "Pa"
    ],
    "room_pressure": {
        "kitchen": [
            420000.0000000001,
            "Pa"
        ],
        "bathroom": [
            419004.42477876093,
            "Pa"
        ],
        "garden": [
            0.0,
            "Pa"
        ]
    },
    "room_pressure_diff": {
        "kitchen": [
            6999.999999999767,
            "Pa"
        ],
        "bathroom": [
            7995.575221238949,
            "Pa"
        ],
        "garden": [
            426999.9999999999,
            "Pa"
        ]
    }
}