{
    "flow": [
        8.536052998605299e-05,
        "m3/s"
    ],
    "pressure": [
        339217.5732217573,
        "Pa"
    ],
    "room_pressure": {
        "kitchen": [
            330179.9163179916,
            "Pa"
        ],
        "bathroom": [
            323276.1506276151,
            "Pa"
        ],
        "garden": [
            329697.35006973497,
            "Pa"
        ]
    },
    "hOhm": "kg/(m^4 * s)",
    "R_total": [
        3973939398.8905864,
        "hOhm"
    ],
    "pipe_pressure": {
        "kitchen": [
            9037.656903765688,
            "Pa"
        ],
        "bathroom": [
            15941.422594142205,
            "Pa"
        ],
        "garden": [
            9520.223152022343,
            "Pa"
        ]
    },
    "R_pipe": {
        "kitchen": [
            105876297.92413831,
            "hOhm"
        ],
        "bathroom": [
            186754025.5050767,
            "hOhm"
        ],
        "garden": [
            111529569.38737197,
            "hOhm"
        ]
    },
    "R_appliance": {
        "kitchen": [
            3868063100.966448,
            "hOhm"
        ],
        "bathroom": [
            3787185373.3855095,
            "hOhm"
        ],
        "garden": [
            3862409829.5032144,
            "hOhm"
        ]
    },
    "pipe": {
        "main": {
            "diameter": [
                0.00138,
                "m"
            ],
            "area": [
                2.9914245247482006e-06,
                "m\u00b2"
            ],
            "length": [
                6,
                "m"
            ]
        },
        "kc": {
            "diameter": [
                0.00082,
                "m"
            ],
            "area": [
                1.0562034501368885e-06,
                "m\u00b2"
            ],
            "length": [
                3,
                "m"
            ]
        },
        "br_1": {
            "diameter": [
                0.0010500000000000002,
                "m"
            ],
            "area": [
                1.7318029502913738e-06,
                "m\u00b2"
            ],
            "length": [
                6,
                "m"
            ]
        },
        "br_2": {
            "diameter": [
                0.00082,
                "m"
            ],
            "area": [
                1.0562034501368885e-06,
                "m\u00b2"
            ],
            "length": [
                3,
                "m"
            ]
        },
        "gd_1": {
            "diameter": [
                0.0010500000000000002,
                "m"
            ],
            "area": [
                1.7318029502913738e-06,
                "m\u00b2"
            ],
            "length": [
                12,
                "m"
            ]
        },
        "gd_2": {
            "diameter": [
                0.00082,
                "m"
            ],
            "area": [
                1.0562034501368885e-06,
                "m\u00b2"
            ],
            "length": [
                3,
                "m"
            ]
        }
    },
    "temp": [
        293.15,
        "\u00b0C"
    ],
    "density": [
        998.204,
        "kg/m\u00b3"
    ],
    "dyn_viscosity": [
        0.001002,
        "N*s/m\u00b2"
    ],
    "kin_viscosity": [
        1.003802829882469e-06,
        "m\u00b2/s"
    ],
    "Re": {
        "main": 39229.224576642235,
        "kc": 66019.91453142228,
        "br_1": 51558.409443586934,
        "br_2": 66019.91453142228,
        "gd_1": 51558.409443586934,
        "gd_2": 66019.91453142228
    }
}