{
    "static_room_pressure_loss": {
        "kitchen": [
            7056.890047289986,
            "Pa"
        ],
        "bathroom": [
            8029.440882715899,
            "Pa"
        ],
        "garden": [
            7649.761260590474,
            "Pa"
        ]
    },
    "density": [
        998.204,
        "kg/m3"
    ],
    "gravity": [
        9.82,
        "m/s2"
    ],
    "room_height": {
        "kitchen": [
            0.7199172123816642,
            "m"
        ],
        "bathroom": [
            0.8191331675187515,
            "m"
        ],
        "garden": [
            0.7803996895522601,
            "m"
        ]
    },
    "pipe": {
        "main": {
            "diameter": [
                0.00138,
                "m"
            ],
            "area": [
                2.9914245247482006e-06,
                "m2"
            ]
        },
        "kc": {
            "diameter": [
                0.00082,
                "m"
            ],
            "area": [
                1.0562034501368885e-06,
                "m2"
            ]
        },
        "br_1": {
            "diameter": [
                0.0010500000000000002,
                "m"
            ],
            "area": [
                1.7318029502913738e-06,
                "m2"
            ]
        },
        "br_2": {
            "diameter": [
                0.00082,
                "m"
            ],
            "area": [
                1.0562034501368885e-06,
                "m2"
            ]
        },
        "gd_1": {
            "diameter": [
                0.0010500000000000002,
                "m"
            ],
            "area": [
                1.7318029502913738e-06,
                "m2"
            ]
        },
        "gd_2": {
            "diameter": [
                0.00082,
                "m"
            ],
            "area": [
                1.0562034501368885e-06,
                "m2"
            ]
        }
    },
    "flow": [
        8.536052998605299e-05,
        "m3/s"
    ],
    "pressure": [
        339217.5732217573,
        "Pa"
    ],
    "room_pressure": {
        "kitchen": [
            330179.9163179916,
            "Pa"
        ],
        "bathroom": [
            323276.1506276151,
            "Pa"
        ],
        "garden": [
            329697.35006973497,
            "Pa"
        ]
    },
    "temp": [
        293.15,
        "\u00b0C"
    ],
    "dyn_viscosity": [
        0.001002,
        "N*s/m2"
    ],
    "kin_viscosity": [
        1.003802829882469e-06,
        "m2/s"
    ],
    "Re": {
        "main": 39229.224576642235,
        "kc": 66019.91453142228,
        "br_1": 51558.409443586934,
        "br_2": 66019.91453142228,
        "gd_1": 51558.409443586934,
        "gd_2": 66019.91453142228
    },
    "hOhm": "kg/(m^4 * s)",
    "pipe_pressure": {
        "kitchen": [
            9037.656903765688,
            "Pa"
        ],
        "bathroom": [
            15941.422594142205,
            "Pa"
        ],
        "garden": [
            9520.223152022343,
            "Pa"
        ]
    },
    "R_pipe": {
        "kitchen": [
            271843626206.58353,
            "hOhm"
        ],
        "bathroom": [
            1085853083558.3383,
            "hOhm"
        ],
        "garden": [
            256705195558.84012,
            "hOhm"
        ]
    },
    "R_appliance": {
        "kitchen": [
            45314422269852.93,
            "hOhm"
        ],
        "bathroom": [
            44366938373089.95,
            "hOhm"
        ],
        "garden": [
            45248194102523.63,
            "hOhm"
        ]
    },
    "R_total": {
        "kitchen": [
            45586265896059.516,
            "hOhm"
        ],
        "bathroom": [
            45452791456648.29,
            "hOhm"
        ],
        "garden": [
            45504899298082.48,
            "hOhm"
        ]
    }
}