{
    "flow": [
        8.536052998605299e-05,
        "m3/s"
    ],
    "pressure": [
        339217.5732217573,
        "Pa"
    ],
    "room_pressure": {
        "kitchen": [
            330179.9163179916,
            "Pa"
        ],
        "bathroom": [
            323276.1506276151,
            "Pa"
        ],
        "garden": [
            329697.35006973497,
            "Pa"
        ]
    },
    "hOhm": "kg/(m^4 * s)",
    "R_total": [
        3973939398.8905864,
        "hOhm"
    ],
    "pipe_pressure": {
        "kitchen": [
            9037.656903765688,
            "Pa"
        ],
        "bathroom": [
            15941.422594142205,
            "Pa"
        ],
        "garden": [
            9520.223152022343,
            "Pa"
        ]
    },
    "R_pipe": {
        "kitchen": [
            105876297.92413831,
            "hOhm"
        ],
        "bathroom": [
            186754025.5050767,
            "hOhm"
        ],
        "garden": [
            111529569.38737197,
            "hOhm"
        ]
    },
    "R_appliance": {
        "kitchen": [
            3868063100.966448,
            "hOhm"
        ],
        "bathroom": [
            3787185373.3855095,
            "hOhm"
        ],
        "garden": [
            3862409829.5032144,
            "hOhm"
        ]
    }
}