{
    "pressure": [
        369955.9748427673,
        "Pa"
    ],
    "room_pressure": {
        "kitchen": [
            362880.5031446541,
            "Pa"
        ],
        "bathroom": [
            361748.42767295596,
            "Pa"
        ],
        "garden": [
            362000.0,
            "Pa"
        ]
    },
    "room_pressure_diff": {
        "kitchen": [
            7075.471698113193,
            "Pa"
        ],
        "bathroom": [
            8207.547169811325,
            "Pa"
        ],
        "garden": [
            7955.974842767289,
            "Pa"
        ]
    }
}