{
    "static_room_pressure_loss": {
        "kitchen": [
            7056.890047289986,
            "Pa"
        ],
        "bathroom": [
            8029.440882715899,
            "Pa"
        ],
        "garden": [
            7649.761260590474,
            "Pa"
        ]
    },
    "density": [
        998.204,
        "kg/m3"
    ],
    "gravity": [
        9.82,
        "m/s2"
    ],
    "room_height": {
        "kitchen": [
            0.7199172123816642,
            "m"
        ],
        "bathroom": [
            0.8191331675187515,
            "m"
        ],
        "garden": [
            0.7803996895522601,
            "m"
        ]
    },
    "pipe": {
        "main": {
            "diameter": [
                0.00138,
                "m"
            ],
            "area": [
                2.9914245247482006e-06,
                "m2"
            ]
        },
        "kc": {
            "diameter": [
                0.00082,
                "m"
            ],
            "area": [
                1.0562034501368885e-06,
                "m2"
            ]
        },
        "br_1": {
            "diameter": [
                0.0010500000000000002,
                "m"
            ],
            "area": [
                1.7318029502913738e-06,
                "m2"
            ]
        },
        "br_2": {
            "diameter": [
                0.00082,
                "m"
            ],
            "area": [
                1.0562034501368885e-06,
                "m2"
            ]
        },
        "gd_1": {
            "diameter": [
                0.0010500000000000002,
                "m"
            ],
            "area": [
                1.7318029502913738e-06,
                "m2"
            ]
        },
        "gd_2": {
            "diameter": [
                0.00082,
                "m"
            ],
            "area": [
                1.0562034501368885e-06,
                "m2"
            ]
        }
    },
    "flow": [
        0.0007219632294164667,
        "m3/s"
    ],
    "pressure": [
        277756.59472422063,
        "Pa"
    ],
    "room_pressure": {
        "kitchen": [
            236941.2470023981,
            "Pa"
        ],
        "bathroom": [
            235920.86330935254,
            "Pa"
        ],
        "garden": [
            236444.8441247003,
            "Pa"
        ]
    },
    "temp": [
        293.15,
        "\u00b0C"
    ],
    "dyn_viscosity": [
        0.001002,
        "N*s/m2"
    ],
    "kin_viscosity": [
        1.003802829882469e-06,
        "m2/s"
    ],
    "Re": {
        "main": 331793.36711573816,
        "kc": 558383.9592923396,
        "br_1": 436071.28249497,
        "br_2": 558383.9592923396,
        "gd_1": 436071.28249497,
        "gd_2": 558383.9592923396
    },
    "hOhm": "kg/(m^4 * s)",
    "pipe_pressure": {
        "kitchen": [
            40815.34772182253,
            "Pa"
        ],
        "bathroom": [
            41835.73141486809,
            "Pa"
        ],
        "garden": [
            41311.75059952034,
            "Pa"
        ]
    },
    "R_pipe": {
        "kitchen": [
            64766799847.6254,
            "hOhm"
        ],
        "bathroom": [
            64858568883.56475,
            "hOhm"
        ],
        "garden": [
            64581721920.07761,
            "hOhm"
        ]
    },
    "R_appliance": {
        "kitchen": [
            454580196411.8784,
            "hOhm"
        ],
        "bathroom": [
            452622554061.8513,
            "hOhm"
        ],
        "garden": [
            453627829863.2166,
            "hOhm"
        ]
    },
    "R_total": {
        "kitchen": [
            519346996259.5038,
            "hOhm"
        ],
        "bathroom": [
            517481122945.4161,
            "hOhm"
        ],
        "garden": [
            518209551783.2942,
            "hOhm"
        ]
    }
}