{
    "flow": [
        0.0007219632294164667,
        "m3/s"
    ],
    "pressure": [
        277756.59472422063,
        "Pa"
    ],
    "room_pressure": {
        "kitchen": [
            236941.2470023981,
            "Pa"
        ],
        "bathroom": [
            235920.86330935254,
            "Pa"
        ],
        "garden": [
            236444.8441247003,
            "Pa"
        ]
    },
    "hOhm": "kg/(m^4 * s)",
    "R_total": [
        384724018.35301214,
        "hOhm"
    ],
    "pipe_pressure": {
        "kitchen": [
            40815.34772182253,
            "Pa"
        ],
        "bathroom": [
            41835.73141486809,
            "Pa"
        ],
        "garden": [
            41311.75059952034,
            "Pa"
        ]
    },
    "R_pipe": {
        "kitchen": [
            56533831.722720705,
            "hOhm"
        ],
        "bathroom": [
            57947177.51578872,
            "hOhm"
        ],
        "garden": [
            57221405.35178078,
            "hOhm"
        ]
    },
    "R_appliance": {
        "kitchen": [
            328190186.63029146,
            "hOhm"
        ],
        "bathroom": [
            326776840.8372234,
            "hOhm"
        ],
        "garden": [
            327502613.0012314,
            "hOhm"
        ]
    },
    "pipe": {
        "main": {
            "diameter": [
                0.00138,
                "m"
            ],
            "area": [
                2.9914245247482006e-06,
                "m\u00b2"
            ],
            "length": [
                6,
                "m"
            ]
        },
        "kc": {
            "diameter": [
                0.00082,
                "m"
            ],
            "area": [
                1.0562034501368885e-06,
                "m\u00b2"
            ],
            "length": [
                3,
                "m"
            ]
        },
        "br_1": {
            "diameter": [
                0.0010500000000000002,
                "m"
            ],
            "area": [
                1.7318029502913738e-06,
                "m\u00b2"
            ],
            "length": [
                6,
                "m"
            ]
        },
        "br_2": {
            "diameter": [
                0.00082,
                "m"
            ],
            "area": [
                1.0562034501368885e-06,
                "m\u00b2"
            ],
            "length": [
                3,
                "m"
            ]
        },
        "gd_1": {
            "diameter": [
                0.0010500000000000002,
                "m"
            ],
            "area": [
                1.7318029502913738e-06,
                "m\u00b2"
            ],
            "length": [
                12,
                "m"
            ]
        },
        "gd_2": {
            "diameter": [
                0.00082,
                "m"
            ],
            "area": [
                1.0562034501368885e-06,
                "m\u00b2"
            ],
            "length": [
                3,
                "m"
            ]
        }
    },
    "temp": [
        293.15,
        "\u00b0C"
    ],
    "density": [
        998.204,
        "kg/m\u00b3"
    ],
    "dyn_viscosity": [
        0.001002,
        "N*s/m\u00b2"
    ],
    "kin_viscosity": [
        1.003802829882469e-06,
        "m\u00b2/s"
    ],
    "Re": {
        "main": 331793.36711573816,
        "kc": 558383.9592923396,
        "br_1": 436071.28249497,
        "br_2": 558383.9592923396,
        "gd_1": 436071.28249497,
        "gd_2": 558383.9592923396
    }
}