{
    "flow": [
        0.0007219632294164667,
        "m3/s"
    ],
    "pressure": [
        277756.59472422063,
        "Pa"
    ],
    "room_pressure": {
        "kitchen": [
            236941.2470023981,
            "Pa"
        ],
        "bathroom": [
            235920.86330935254,
            "Pa"
        ],
        "garden": [
            236444.8441247003,
            "Pa"
        ]
    },
    "hOhm": "kg/(m^4 * s)",
    "R_total": [
        384724018.35301214,
        "hOhm"
    ],
    "pipe_pressure": {
        "kitchen": [
            40815.34772182253,
            "Pa"
        ],
        "bathroom": [
            41835.73141486809,
            "Pa"
        ],
        "garden": [
            41311.75059952034,
            "Pa"
        ]
    },
    "R_pipe": {
        "kitchen": [
            56533831.722720705,
            "hOhm"
        ],
        "bathroom": [
            57947177.51578872,
            "hOhm"
        ],
        "garden": [
            57221405.35178078,
            "hOhm"
        ]
    },
    "R_appliance": {
        "kitchen": [
            328190186.63029146,
            "hOhm"
        ],
        "bathroom": [
            326776840.8372234,
            "hOhm"
        ],
        "garden": [
            327502613.0012314,
            "hOhm"
        ]
    }
}