{
    "pressure": [
        417000.00000000006,
        "Pa"
    ],
    "room_pressure": {
        "kitchen": [
            410000.0000000001,
            "Pa"
        ],
        "bathroom": [
            409000.0000000002,
            "Pa"
        ],
        "garden": [
            409019.93355481734,
            "Pa"
        ]
    },
    "room_pressure_diff": {
        "kitchen": [
            6999.999999999942,
            "Pa"
        ],
        "bathroom": [
            7999.999999999884,
            "Pa"
        ],
        "garden": [
            7980.066445182718,
            "Pa"
        ]
    }
}