{
    "flow": [
        0.00013228358208955225,
        "m3/s"
    ],
    "pressure": [
        387502.48756218894,
        "Pa"
    ],
    "room_pressure": {
        "kitchen": [
            376139.3034825871,
            "Pa"
        ],
        "bathroom": [
            361114.4278606965,
            "Pa"
        ],
        "garden": [
            375547.263681592,
            "Pa"
        ]
    },
    "hOhm": "kg/(m^4 * s)",
    "R_total": [
        2929331678.51367,
        "hOhm"
    ],
    "pipe_pressure": {
        "kitchen": [
            11363.184079601837,
            "Pa"
        ],
        "bathroom": [
            26388.059701492428,
            "Pa"
        ],
        "garden": [
            11955.223880596925,
            "Pa"
        ]
    },
    "R_pipe": {
        "kitchen": [
            85900184.28673396,
            "hOhm"
        ],
        "bathroom": [
            199480988.37865198,
            "hOhm"
        ],
        "garden": [
            90375719.28240933,
            "hOhm"
        ]
    },
    "R_appliance": {
        "kitchen": [
            2843431494.226936,
            "hOhm"
        ],
        "bathroom": [
            2729850690.135018,
            "hOhm"
        ],
        "garden": [
            2838955959.231261,
            "hOhm"
        ]
    },
    "pipe": {
        "main": {
            "diameter": [
                0.00138,
                "m"
            ],
            "area": [
                2.9914245247482006e-06,
                "m\u00b2"
            ],
            "length": [
                6,
                "m"
            ]
        },
        "kc": {
            "diameter": [
                0.00082,
                "m"
            ],
            "area": [
                1.0562034501368885e-06,
                "m\u00b2"
            ],
            "length": [
                3,
                "m"
            ]
        },
        "br_1": {
            "diameter": [
                0.0010500000000000002,
                "m"
            ],
            "area": [
                1.7318029502913738e-06,
                "m\u00b2"
            ],
            "length": [
                6,
                "m"
            ]
        },
        "br_2": {
            "diameter": [
                0.00082,
                "m"
            ],
            "area": [
                1.0562034501368885e-06,
                "m\u00b2"
            ],
            "length": [
                3,
                "m"
            ]
        },
        "gd_1": {
            "diameter": [
                0.0010500000000000002,
                "m"
            ],
            "area": [
                1.7318029502913738e-06,
                "m\u00b2"
            ],
            "length": [
                12,
                "m"
            ]
        },
        "gd_2": {
            "diameter": [
                0.00082,
                "m"
            ],
            "area": [
                1.0562034501368885e-06,
                "m\u00b2"
            ],
            "length": [
                3,
                "m"
            ]
        }
    },
    "temp": [
        293.15,
        "\u00b0C"
    ],
    "density": [
        998.204,
        "kg/m\u00b3"
    ],
    "dyn_viscosity": [
        0.001002,
        "N*s/m\u00b2"
    ],
    "kin_viscosity": [
        1.003802829882469e-06,
        "m\u00b2/s"
    ],
    "Re": {
        "main": 60793.69880249835,
        "kc": 102311.34676518012,
        "br_1": 79900.2898547121,
        "br_2": 102311.34676518012,
        "gd_1": 79900.2898547121,
        "gd_2": 102311.34676518012
    }
}