{
    "flow": [
        0.00013228358208955225,
        "m3/s"
    ],
    "pressure": [
        387502.48756218894,
        "Pa"
    ],
    "room_pressure": {
        "kitchen": [
            376139.3034825871,
            "Pa"
        ],
        "bathroom": [
            361114.4278606965,
            "Pa"
        ],
        "garden": [
            375547.263681592,
            "Pa"
        ]
    },
    "hOhm": "kg/(m^4 * s)",
    "R_total": [
        2929331678.51367,
        "hOhm"
    ],
    "pipe_pressure": {
        "kitchen": [
            11363.184079601837,
            "Pa"
        ],
        "bathroom": [
            26388.059701492428,
            "Pa"
        ],
        "garden": [
            11955.223880596925,
            "Pa"
        ]
    },
    "R_pipe": {
        "kitchen": [
            85900184.28673396,
            "hOhm"
        ],
        "bathroom": [
            199480988.37865198,
            "hOhm"
        ],
        "garden": [
            90375719.28240933,
            "hOhm"
        ]
    },
    "R_appliance": {
        "kitchen": [
            2843431494.226936,
            "hOhm"
        ],
        "bathroom": [
            2729850690.135018,
            "hOhm"
        ],
        "garden": [
            2838955959.231261,
            "hOhm"
        ]
    }
}