{
    "static_room_pressure_loss": {
        "kitchen": [
            7056.890047289986,
            "Pa"
        ],
        "bathroom": [
            8029.440882715899,
            "Pa"
        ],
        "garden": [
            7649.761260590474,
            "Pa"
        ]
    },
    "density": [
        998.204,
        "kg/m3"
    ],
    "gravity": [
        9.82,
        "m/s2"
    ],
    "room_height": {
        "kitchen": [
            0.7199172123816642,
            "m"
        ],
        "bathroom": [
            0.8191331675187515,
            "m"
        ],
        "garden": [
            0.7803996895522601,
            "m"
        ]
    },
    "pipe": {
        "main": {
            "diameter": [
                0.00138,
                "m"
            ],
            "area": [
                2.9914245247482006e-06,
                "m2"
            ]
        },
        "kc": {
            "diameter": [
                0.00082,
                "m"
            ],
            "area": [
                1.0562034501368885e-06,
                "m2"
            ]
        },
        "br_1": {
            "diameter": [
                0.0010500000000000002,
                "m"
            ],
            "area": [
                1.7318029502913738e-06,
                "m2"
            ]
        },
        "br_2": {
            "diameter": [
                0.00082,
                "m"
            ],
            "area": [
                1.0562034501368885e-06,
                "m2"
            ]
        },
        "gd_1": {
            "diameter": [
                0.0010500000000000002,
                "m"
            ],
            "area": [
                1.7318029502913738e-06,
                "m2"
            ]
        },
        "gd_2": {
            "diameter": [
                0.00082,
                "m"
            ],
            "area": [
                1.0562034501368885e-06,
                "m2"
            ]
        }
    },
    "flow": [
        0.00013228358208955225,
        "m3/s"
    ],
    "pressure": [
        387502.48756218894,
        "Pa"
    ],
    "room_pressure": {
        "kitchen": [
            376139.3034825871,
            "Pa"
        ],
        "bathroom": [
            361114.4278606965,
            "Pa"
        ],
        "garden": [
            375547.263681592,
            "Pa"
        ]
    },
    "temp": [
        293.15,
        "\u00b0C"
    ],
    "dyn_viscosity": [
        0.001002,
        "N*s/m2"
    ],
    "kin_viscosity": [
        1.003802829882469e-06,
        "m2/s"
    ],
    "Re": {
        "main": 60793.69880249835,
        "kc": 102311.34676518012,
        "br_1": 79900.2898547121,
        "br_2": 102311.34676518012,
        "gd_1": 79900.2898547121,
        "gd_2": 102311.34676518012
    },
    "hOhm": "kg/(m^4 * s)",
    "pipe_pressure": {
        "kitchen": [
            11363.184079601837,
            "Pa"
        ],
        "bathroom": [
            26388.059701492428,
            "Pa"
        ],
        "garden": [
            11955.223880596925,
            "Pa"
        ]
    },
    "R_pipe": {
        "kitchen": [
            246088765006.46204,
            "hOhm"
        ],
        "bathroom": [
            1049127114506.7823,
            "hOhm"
        ],
        "garden": [
            246041252870.5252,
            "hOhm"
        ]
    },
    "R_appliance": {
        "kitchen": [
            21494968984904.062,
            "hOhm"
        ],
        "bathroom": [
            20636352954873.766,
            "hOhm"
        ],
        "garden": [
            21461136101601.54,
            "hOhm"
        ]
    },
    "R_total": {
        "kitchen": [
            21741057749910.523,
            "hOhm"
        ],
        "bathroom": [
            21685480069380.547,
            "hOhm"
        ],
        "garden": [
            21707177354472.062,
            "hOhm"
        ]
    }
}