{
    "pressure": [
        382000.0,
        "Pa"
    ],
    "room_pressure": {
        "kitchen": [
            375007.63358778623,
            "Pa"
        ],
        "bathroom": [
            374000.0000000002,
            "Pa"
        ],
        "garden": [
            0.0,
            "Pa"
        ]
    },
    "room_pressure_diff": {
        "kitchen": [
            6992.366412213771,
            "Pa"
        ],
        "bathroom": [
            7999.999999999825,
            "Pa"
        ],
        "garden": [
            382000.0,
            "Pa"
        ]
    }
}