{
    "static_room_pressure_loss": {
        "kitchen": [
            7056.890047289986,
            "Pa"
        ],
        "bathroom": [
            8029.440882715899,
            "Pa"
        ],
        "garden": [
            7649.761260590474,
            "Pa"
        ]
    },
    "density": [
        998.204,
        "kg/m3"
    ],
    "gravity": [
        9.82,
        "m/s2"
    ],
    "room_height": {
        "kitchen": [
            0.7199172123816642,
            "m"
        ],
        "bathroom": [
            0.8191331675187515,
            "m"
        ],
        "garden": [
            0.7803996895522601,
            "m"
        ]
    },
    "pipe": {
        "main": {
            "diameter": [
                0.00138,
                "m"
            ],
            "area": [
                2.9914245247482006e-06,
                "m2"
            ]
        },
        "kc": {
            "diameter": [
                0.00082,
                "m"
            ],
            "area": [
                1.0562034501368885e-06,
                "m2"
            ]
        },
        "br_1": {
            "diameter": [
                0.0010500000000000002,
                "m"
            ],
            "area": [
                1.7318029502913738e-06,
                "m2"
            ]
        },
        "br_2": {
            "diameter": [
                0.00082,
                "m"
            ],
            "area": [
                1.0562034501368885e-06,
                "m2"
            ]
        },
        "gd_1": {
            "diameter": [
                0.0010500000000000002,
                "m"
            ],
            "area": [
                1.7318029502913738e-06,
                "m2"
            ]
        },
        "gd_2": {
            "diameter": [
                0.00082,
                "m"
            ],
            "area": [
                1.0562034501368885e-06,
                "m2"
            ]
        }
    },
    "flow": [
        0.00028585897435897436,
        "m3/s"
    ],
    "pressure": [
        338902.36686390534,
        "Pa"
    ],
    "room_pressure": {
        "kitchen": [
            292607.98816568044,
            "Pa"
        ],
        "bathroom": [
            312255.9171597634,
            "Pa"
        ],
        "garden": [
            312609.46745562134,
            "Pa"
        ]
    },
    "temp": [
        293.15,
        "\u00b0C"
    ],
    "dyn_viscosity": [
        0.001002,
        "N*s/m2"
    ],
    "kin_viscosity": [
        1.003802829882469e-06,
        "m2/s"
    ],
    "Re": {
        "main": 131372.49621352015,
        "kc": 221090.2985056802,
        "br_1": 172660.9950234836,
        "br_2": 221090.2985056802,
        "gd_1": 172660.9950234836,
        "gd_2": 221090.2985056802
    },
    "hOhm": "kg/(m^4 * s)",
    "pipe_pressure": {
        "kitchen": [
            46294.3786982249,
            "Pa"
        ],
        "bathroom": [
            26646.449704141938,
            "Pa"
        ],
        "garden": [
            26292.899408283993,
            "Pa"
        ]
    },
    "R_pipe": {
        "kitchen": [
            480172783987.67426,
            "hOhm"
        ],
        "bathroom": [
            227827551218.5266,
            "hOhm"
        ],
        "garden": [
            228147311523.50424,
            "hOhm"
        ]
    },
    "R_appliance": {
        "kitchen": [
            3580820208563.4614,
            "hOhm"
        ],
        "bathroom": [
            3821263750927.0264,
            "hOhm"
        ],
        "garden": [
            3825590358864.4517,
            "hOhm"
        ]
    },
    "R_total": {
        "kitchen": [
            4060992992551.1357,
            "hOhm"
        ],
        "bathroom": [
            4049091302145.5527,
            "hOhm"
        ],
        "garden": [
            4053737670387.956,
            "hOhm"
        ]
    }
}