{
    "flow": [
        0.00028585897435897436,
        "m3/s"
    ],
    "pressure": [
        338902.36686390534,
        "Pa"
    ],
    "room_pressure": {
        "kitchen": [
            292607.98816568044,
            "Pa"
        ],
        "bathroom": [
            312255.9171597634,
            "Pa"
        ],
        "garden": [
            312609.46745562134,
            "Pa"
        ]
    },
    "hOhm": "kg/(m^4 * s)",
    "R_total": [
        1185557905.3408358,
        "hOhm"
    ],
    "pipe_pressure": {
        "kitchen": [
            46294.3786982249,
            "Pa"
        ],
        "bathroom": [
            26646.449704141938,
            "Pa"
        ],
        "garden": [
            26292.899408283993,
            "Pa"
        ]
    },
    "R_pipe": {
        "kitchen": [
            161948313.1569961,
            "hOhm"
        ],
        "bathroom": [
            93215368.7457089,
            "hOhm"
        ],
        "garden": [
            91978569.03826305,
            "hOhm"
        ]
    },
    "R_appliance": {
        "kitchen": [
            1023609592.1838397,
            "hOhm"
        ],
        "bathroom": [
            1092342536.5951269,
            "hOhm"
        ],
        "garden": [
            1093579336.3025727,
            "hOhm"
        ]
    }
}