{
    "flow": [
        0.00028585897435897436,
        "m3/s"
    ],
    "pressure": [
        338902.36686390534,
        "Pa"
    ],
    "room_pressure": {
        "kitchen": [
            292607.98816568044,
            "Pa"
        ],
        "bathroom": [
            312255.9171597634,
            "Pa"
        ],
        "garden": [
            312609.46745562134,
            "Pa"
        ]
    },
    "hOhm": "kg/(m^4 * s)",
    "R_total": [
        1185557905.3408358,
        "hOhm"
    ],
    "pipe_pressure": {
        "kitchen": [
            46294.3786982249,
            "Pa"
        ],
        "bathroom": [
            26646.449704141938,
            "Pa"
        ],
        "garden": [
            26292.899408283993,
            "Pa"
        ]
    },
    "R_pipe": {
        "kitchen": [
            161948313.1569961,
            "hOhm"
        ],
        "bathroom": [
            93215368.7457089,
            "hOhm"
        ],
        "garden": [
            91978569.03826305,
            "hOhm"
        ]
    },
    "R_appliance": {
        "kitchen": [
            1023609592.1838397,
            "hOhm"
        ],
        "bathroom": [
            1092342536.5951269,
            "hOhm"
        ],
        "garden": [
            1093579336.3025727,
            "hOhm"
        ]
    },
    "pipe": {
        "main": {
            "diameter": [
                0.00138,
                "m"
            ],
            "area": [
                2.9914245247482006e-06,
                "m\u00b2"
            ],
            "length": [
                6,
                "m"
            ]
        },
        "kc": {
            "diameter": [
                0.00082,
                "m"
            ],
            "area": [
                1.0562034501368885e-06,
                "m\u00b2"
            ],
            "length": [
                3,
                "m"
            ]
        },
        "br_1": {
            "diameter": [
                0.0010500000000000002,
                "m"
            ],
            "area": [
                1.7318029502913738e-06,
                "m\u00b2"
            ],
            "length": [
                6,
                "m"
            ]
        },
        "br_2": {
            "diameter": [
                0.00082,
                "m"
            ],
            "area": [
                1.0562034501368885e-06,
                "m\u00b2"
            ],
            "length": [
                3,
                "m"
            ]
        },
        "gd_1": {
            "diameter": [
                0.0010500000000000002,
                "m"
            ],
            "area": [
                1.7318029502913738e-06,
                "m\u00b2"
            ],
            "length": [
                12,
                "m"
            ]
        },
        "gd_2": {
            "diameter": [
                0.00082,
                "m"
            ],
            "area": [
                1.0562034501368885e-06,
                "m\u00b2"
            ],
            "length": [
                3,
                "m"
            ]
        }
    },
    "temp": [
        293.15,
        "\u00b0C"
    ],
    "density": [
        998.204,
        "kg/m\u00b3"
    ],
    "dyn_viscosity": [
        0.001002,
        "N*s/m\u00b2"
    ],
    "kin_viscosity": [
        1.003802829882469e-06,
        "m\u00b2/s"
    ],
    "Re": {
        "main": 131372.49621352015,
        "kc": 221090.2985056802,
        "br_1": 172660.9950234836,
        "br_2": 221090.2985056802,
        "gd_1": 172660.9950234836,
        "gd_2": 221090.2985056802
    }
}