{
    "pressure": [
        426999.9999999999,
        "Pa"
    ],
    "room_pressure": {
        "kitchen": [
            420000.0,
            "Pa"
        ],
        "bathroom": [
            418992.9577464789,
            "Pa"
        ],
        "garden": [
            0.0,
            "Pa"
        ]
    },
    "room_pressure_diff": {
        "kitchen": [
            6999.999999999884,
            "Pa"
        ],
        "bathroom": [
            8007.04225352098,
            "Pa"
        ],
        "garden": [
            426999.9999999999,
            "Pa"
        ]
    }
}