,FT0101[l/m],PT0102[Bar],PT0201[Bar],PT0202[Bar],PT0203[Bar],p,outlet_pressure[Bar],p_lo_min[W],p_lo_max[W],pump_output_control_
count,142.0,142.0,142.0,142.0,142.0,142.0,142.0,142.0,142.0,142.0
mean,0.013591549295774647,4.269999999999999,4.2,4.189929577464789,0.0,0.0,4.2992816901408455,0.0,571.0,21.0
std,0.015406618698154332,8.913224239376393e-16,0.0,0.0008391813582967456,0.0,0.0,0.0017958431006949902,0.0,0.0,0.0
min,0.0,4.27,4.2,4.18,0.0,0.0,4.297,0.0,571.0,21.0
25%,0.0,4.27,4.2,4.19,0.0,0.0,4.297,0.0,571.0,21.0
50%,0.01,4.27,4.2,4.19,0.0,0.0,4.299,0.0,571.0,21.0
75%,0.02,4.27,4.2,4.19,0.0,0.0,4.3,0.0,571.0,21.0
max,0.06,4.27,4.2,4.19,0.0,0.0,4.304,0.0,571.0,21.0
