{
    "flow": [
        0.00043625917065390755,
        "m3/s"
    ],
    "pressure": [
        377076.5550239235,
        "Pa"
    ],
    "room_pressure": {
        "kitchen": [
            306796.6507177033,
            "Pa"
        ],
        "bathroom": [
            312892.3444976077,
            "Pa"
        ],
        "garden": [
            328416.26794258377,
            "Pa"
        ]
    },
    "hOhm": "kg/(m^4 * s)",
    "R_total": [
        864340695.5978131,
        "hOhm"
    ],
    "pipe_pressure": {
        "kitchen": [
            70279.90430622024,
            "Pa"
        ],
        "bathroom": [
            64184.210526315845,
            "Pa"
        ],
        "garden": [
            48660.287081339746,
            "Pa"
        ]
    },
    "R_pipe": {
        "kitchen": [
            161096680.67465013,
            "hOhm"
        ],
        "bathroom": [
            147124037.37005764,
            "hOhm"
        ],
        "garden": [
            111539860.60259315,
            "hOhm"
        ]
    },
    "R_appliance": {
        "kitchen": [
            703244014.9231629,
            "hOhm"
        ],
        "bathroom": [
            717216658.2277555,
            "hOhm"
        ],
        "garden": [
            752800834.99522,
            "hOhm"
        ]
    }
}