{"static_room_pressure_loss": {"kitchen": [7112.8466958703975, "Pa"], "bathroom": [8065.01239286441, "Pa"], "garden": [7649.761260590474, "Pa"]}, "density": [998.204, "kg/m3"], "gravity": [9.82, "m/s2"], "room_height": {"kitchen": [0.7256256978746045, "m"], "bathroom": [0.8227620383463701, "m"], "garden": [0.7803996895522601, "m"]}}