{"kitchen": {"count": 35.0, "mean": 7112.8466958703975, "std": 198.3391659630943, "min": 6834.757834757736, "25%": 7000.0, "50%": 7000.000000000058, "75%": 7212.013804682356, "max": 7643.564356435731}, "bathroom": {"count": 35.0, "mean": 8065.01239286441, "std": 136.15699420135428, "min": 7792.022792022792, "25%": 7999.999999999971, "50%": 8000.000000000116, "75%": 8133.018164268287, "max": 8504.950495049707}, "garden": {"count": 35.0, "mean": 7649.761260590474, "std": 353.7229397544567, "min": 6999.999999999942, "25%": 7388.888888888905, "50%": 7732.95454545453, "75%": 7948.106943295919, "max": 8000.000000000116}}