{"static_room_pressure_loss": {"kitchen": [7056.890047289986, "Pa"], "bathroom": [8029.440882715899, "Pa"], "garden": [7649.761260590474, "Pa"]}, "density": [998.204, "kg/m3"], "gravity": [9.82, "m/s2"], "room_height": {"kitchen": [0.7199172123816642, "m"], "bathroom": [0.8191331675187515, "m"], "garden": [0.7803996895522601, "m"]}}