{"kitchen": {"count": 67.0, "mean": 7056.890047289986, "std": 170.84317096228676, "min": 6518.962075848423, "25%": 6999.999999999942, "50%": 7000.0, "75%": 7035.539215686149, "max": 7643.564356435731}, "bathroom": {"count": 67.0, "mean": 8029.440882715899, "std": 142.0872631666313, "min": 7345.309381237486, "25%": 7999.9999999998545, "50%": 8000.0, "75%": 8030.249923803785, "max": 8504.950495049707}, "garden": {"count": 35.0, "mean": 7649.761260590474, "std": 353.7229397544567, "min": 6999.999999999942, "25%": 7388.888888888905, "50%": 7732.95454545453, "75%": 7948.106943295919, "max": 8000.000000000116}}