{
    "pressure": [
        428028.4090909092,
        "Pa"
    ],
    "room_pressure": {
        "kitchen": [
            421000.0,
            "Pa"
        ],
        "bathroom": [
            420000.0000000001,
            "Pa"
        ],
        "garden": [
            0.0,
            "Pa"
        ]
    },
    "room_pressure_diff": {
        "kitchen": [
            7028.409090909176,
            "Pa"
        ],
        "bathroom": [
            8028.409090909059,
            "Pa"
        ],
        "garden": [
            428028.4090909092,
            "Pa"
        ]
    }
}