,FT0101[l/m],PT0102[Bar],PT0201[Bar],PT0202[Bar],PT0203[Bar],p,outlet_pressure[Bar],p_lo_min[W],p_lo_max[W],pump_output_control_
count,176.0,176.0,176.0,176.0,176.0,176.0,176.0,176.0,176.0,176.0
mean,0.004318181818181818,4.280284090909092,4.21,4.200000000000001,0.0,0.0,4.314255681818182,0.0,571.0,21.0
std,0.008789013212343764,0.0016661254532519174,0.0,8.907124574307214e-16,0.0,0.0,0.00043748840429916737,0.0,0.0,0.0
min,0.0,4.28,4.21,4.2,0.0,0.0,4.314,0.0,571.0,21.0
25%,0.0,4.28,4.21,4.2,0.0,0.0,4.314,0.0,571.0,21.0
50%,0.0,4.28,4.21,4.2,0.0,0.0,4.314,0.0,571.0,21.0
75%,0.0,4.28,4.21,4.2,0.0,0.0,4.315,0.0,571.0,21.0
max,0.03,4.29,4.21,4.2,0.0,0.0,4.315,0.0,571.0,21.0
