{
    "pressure": [
        371000.0,
        "Pa"
    ],
    "room_pressure": {
        "kitchen": [
            363999.99999999994,
            "Pa"
        ],
        "bathroom": [
            363000.0,
            "Pa"
        ],
        "garden": [
            363849.2063492063,
            "Pa"
        ]
    },
    "room_pressure_diff": {
        "kitchen": [
            7000.000000000058,
            "Pa"
        ],
        "bathroom": [
            8000.0,
            "Pa"
        ],
        "garden": [
            7150.793650793727,
            "Pa"
        ]
    }
}