,FT0101[l/m],PT0102[Bar],PT0201[Bar],PT0202[Bar],PT0203[Bar],p,outlet_pressure[Bar],p_lo_min[W],p_lo_max[W],pump_output_control_
count,126.0,126.0,126.0,126.0,126.0,126.0,126.0,126.0,126.0,126.0
mean,0.0,3.7099999999999995,3.6399999999999992,3.6300000000000003,3.638492063492063,0.0,3.8296190476190475,0.0,65535.0,21.0
std,0.0,4.4586202811598e-16,8.9172405623196e-16,4.4586202811598e-16,0.003592761682596983,0.0,0.001041976144503429,0.0,0.0,0.0
min,0.0,3.71,3.64,3.63,3.63,0.0,3.828,0.0,65535.0,21.0
25%,0.0,3.71,3.64,3.63,3.64,0.0,3.829,0.0,65535.0,21.0
50%,0.0,3.71,3.64,3.63,3.64,0.0,3.83,0.0,65535.0,21.0
75%,0.0,3.71,3.64,3.63,3.64,0.0,3.83,0.0,65535.0,21.0
max,0.0,3.71,3.64,3.63,3.64,0.0,3.832,0.0,65535.0,21.0
