{
    "static_room_pressure_loss": {
        "kitchen": [
            7056.890047289986,
            "Pa"
        ],
        "bathroom": [
            8029.440882715899,
            "Pa"
        ],
        "garden": [
            7649.761260590474,
            "Pa"
        ]
    },
    "density": [
        998.204,
        "kg/m3"
    ],
    "gravity": [
        9.82,
        "m/s2"
    ],
    "room_height": {
        "kitchen": [
            0.7186242410682266,
            "m"
        ],
        "bathroom": [
            0.8176620043498879,
            "m"
        ],
        "garden": [
            0.7789980917098243,
            "m"
        ]
    },
    "pipe": {
        "main": {
            "diameter": [
                0.00138,
                "m"
            ],
            "area": [
                2.9914245247482006e-06,
                "m2"
            ]
        },
        "kc": {
            "diameter": [
                0.00082,
                "m"
            ],
            "area": [
                1.0562034501368885e-06,
                "m2"
            ]
        },
        "br_1": {
            "diameter": [
                0.0010500000000000002,
                "m"
            ],
            "area": [
                1.7318029502913738e-06,
                "m2"
            ]
        },
        "br_2": {
            "diameter": [
                0.00082,
                "m"
            ],
            "area": [
                1.0562034501368885e-06,
                "m2"
            ]
        },
        "gd_1": {
            "diameter": [
                0.0010500000000000002,
                "m"
            ],
            "area": [
                1.7318029502913738e-06,
                "m2"
            ]
        },
        "gd_2": {
            "diameter": [
                0.00082,
                "m"
            ],
            "area": [
                1.0562034501368885e-06,
                "m2"
            ]
        }
    },
    "flow": [
        0.00010925958466453673,
        "m3/s"
    ],
    "pressure": [
        339305.11182108626,
        "Pa"
    ],
    "room_pressure": {
        "kitchen": [
            329145.36741214053,
            "Pa"
        ],
        "bathroom": [
            318755.5910543132,
            "Pa"
        ],
        "garden": [
            328709.2651757189,
            "Pa"
        ]
    },
    "temp": [
        293.15,
        "\u00b0C"
    ],
    "dyn_viscosity": [
        0.001002,
        "N*s/m2"
    ],
    "kin_viscosity": [
        1.003802829882469e-06,
        "m2/s"
    ],
    "Re": {
        "main": 50212.53716039583,
        "kc": 84504.02595286125,
        "br_1": 65993.62026794879,
        "br_2": 84504.02595286125,
        "gd_1": 65993.62026794879,
        "gd_2": 84504.02595286125
    },
    "hOhm": "kg/(m^4 * s)",
    "pipe_pressure": {
        "kitchen": [
            10159.744408945728,
            "Pa"
        ],
        "bathroom": [
            20549.520766773087,
            "Pa"
        ],
        "garden": [
            10595.84664536739,
            "Pa"
        ]
    },
    "R_pipe": {
        "kitchen": [
            259921557719.8973,
            "hOhm"
        ],
        "bathroom": [
            1048788723846.2499,
            "hOhm"
        ],
        "garden": [
            246789250520.42075,
            "hOhm"
        ]
    },
    "R_appliance": {
        "kitchen": [
            27572024543362.5,
            "hOhm"
        ],
        "bathroom": [
            26701688220568.8,
            "hOhm"
        ],
        "garden": [
            27535492898817.195,
            "hOhm"
        ]
    },
    "R_total": {
        "kitchen": [
            27831946101082.4,
            "hOhm"
        ],
        "bathroom": [
            27750476944415.05,
            "hOhm"
        ],
        "garden": [
            27782282149337.617,
            "hOhm"
        ]
    }
}