{
    "flow": [
        0.00010886417445482866,
        "m3/s"
    ],
    "pressure": [
        339280.3738317757,
        "Pa"
    ],
    "room_pressure": {
        "kitchen": [
            329158.87850467284,
            "Pa"
        ],
        "bathroom": [
            318867.2897196262,
            "Pa"
        ],
        "garden": [
            328732.7102803738,
            "Pa"
        ]
    },
    "hOhm": "kg/(m^4 * s)",
    "R_total": [
        3116547528.430065,
        "hOhm"
    ],
    "pipe_pressure": {
        "kitchen": [
            10121.495327102835,
            "Pa"
        ],
        "bathroom": [
            20413.08411214949,
            "Pa"
        ],
        "garden": [
            10547.66355140187,
            "Pa"
        ]
    },
    "R_pipe": {
        "kitchen": [
            92973610.26057823,
            "hOhm"
        ],
        "bathroom": [
            187509657.92350313,
            "hOhm"
        ],
        "garden": [
            96888288.58733913,
            "hOhm"
        ]
    },
    "R_appliance": {
        "kitchen": [
            3023573918.169487,
            "hOhm"
        ],
        "bathroom": [
            2929037870.506562,
            "hOhm"
        ],
        "garden": [
            3019659239.842726,
            "hOhm"
        ]
    }
}