,FT0101[l/m],PT0102[Bar],PT0201[Bar],PT0202[Bar],PT0203[Bar],outlet_pressure[Bar],PT0106
count,535.0,535.0,535.0,535.0,535.0,535.0,535.0
mean,6.531850467289719,3.392803738317757,3.2915887850467285,3.1886728971962617,3.2873271028037383,3.5002598130841123,3.405607476635514
std,0.08023453492325183,0.005263540150190442,0.005732738740335565,0.007663053660471722,0.007379209204374242,0.004257816337630899,0.004967604810499036
min,6.37,3.38,3.28,3.17,3.27,3.491,3.4
25%,6.48,3.39,3.29,3.18,3.28,3.497,3.4
50%,6.52,3.39,3.29,3.19,3.29,3.5,3.41
75%,6.6,3.4,3.29,3.19,3.29,3.503,3.41
max,6.68,3.41,3.31,3.21,3.31,3.513,3.41
