{
    "pressure": [
        417000.00000000006,
        "Pa"
    ],
    "room_pressure": {
        "kitchen": [
            410000.00000000006,
            "Pa"
        ],
        "bathroom": [
            409004.11522633745,
            "Pa"
        ],
        "garden": [
            410000.00000000006,
            "Pa"
        ]
    },
    "room_pressure_diff": {
        "kitchen": [
            7000.0,
            "Pa"
        ],
        "bathroom": [
            7995.884773662605,
            "Pa"
        ],
        "garden": [
            7000.0,
            "Pa"
        ]
    }
}