{
    "static_room_pressure_loss": {
        "kitchen": [
            7056.890047289986,
            "Pa"
        ],
        "bathroom": [
            8029.440882715899,
            "Pa"
        ],
        "garden": [
            7649.761260590474,
            "Pa"
        ]
    },
    "density": [
        998.204,
        "kg/m3"
    ],
    "gravity": [
        9.82,
        "m/s2"
    ],
    "room_height": {
        "kitchen": [
            0.7199172123816642,
            "m"
        ],
        "bathroom": [
            0.8191331675187515,
            "m"
        ],
        "garden": [
            0.7803996895522601,
            "m"
        ]
    },
    "pipe": {
        "main": {
            "diameter": [
                0.00138,
                "m"
            ],
            "area": [
                2.9914245247482006e-06,
                "m2"
            ]
        },
        "kc": {
            "diameter": [
                0.00082,
                "m"
            ],
            "area": [
                1.0562034501368885e-06,
                "m2"
            ]
        },
        "br_1": {
            "diameter": [
                0.0010500000000000002,
                "m"
            ],
            "area": [
                1.7318029502913738e-06,
                "m2"
            ]
        },
        "br_2": {
            "diameter": [
                0.00082,
                "m"
            ],
            "area": [
                1.0562034501368885e-06,
                "m2"
            ]
        },
        "gd_1": {
            "diameter": [
                0.0010500000000000002,
                "m"
            ],
            "area": [
                1.7318029502913738e-06,
                "m2"
            ]
        },
        "gd_2": {
            "diameter": [
                0.00082,
                "m"
            ],
            "area": [
                1.0562034501368885e-06,
                "m2"
            ]
        }
    },
    "flow": [
        3.3702907986111107e-05,
        "m3/s"
    ],
    "pressure": [
        339265.625,
        "Pa"
    ],
    "room_pressure": {
        "kitchen": [
            331746.09375,
            "Pa"
        ],
        "bathroom": [
            329423.1770833333,
            "Pa"
        ],
        "garden": [
            331212.23958333326,
            "Pa"
        ]
    },
    "temp": [
        293.15,
        "\u00b0C"
    ],
    "dyn_viscosity": [
        0.001002,
        "N*s/m2"
    ],
    "kin_viscosity": [
        1.003802829882469e-06,
        "m2/s"
    ],
    "Re": {
        "main": 15488.87930392519,
        "kc": 26066.650535874098,
        "br_1": 20356.81279944453,
        "br_2": 26066.650535874098,
        "gd_1": 20356.81279944453,
        "gd_2": 26066.650535874098
    },
    "hOhm": "kg/(m^4 * s)",
    "pipe_pressure": {
        "kitchen": [
            7519.53125,
            "Pa"
        ],
        "bathroom": [
            9842.447916666686,
            "Pa"
        ],
        "garden": [
            8053.385416666744,
            "Pa"
        ]
    },
    "R_pipe": {
        "kitchen": [
            407295450399.84467,
            "hOhm"
        ],
        "bathroom": [
            1596117060360.324,
            "hOhm"
        ],
        "garden": [
            355338611170.7496,
            "hOhm"
        ]
    },
    "R_appliance": {
        "kitchen": [
            292059319145831.56,
            "hOhm"
        ],
        "bathroom": [
            290014292925838.0,
            "hOhm"
        ],
        "garden": [
            291589329936079.6,
            "hOhm"
        ]
    },
    "R_total": {
        "kitchen": [
            292466614596231.44,
            "hOhm"
        ],
        "bathroom": [
            291610409986198.3,
            "hOhm"
        ],
        "garden": [
            291944668547250.4,
            "hOhm"
        ]
    }
}