{
    "flow": [
        3.3702907986111107e-05,
        "m3/s"
    ],
    "pressure": [
        339265.625,
        "Pa"
    ],
    "room_pressure": {
        "kitchen": [
            331746.09375,
            "Pa"
        ],
        "bathroom": [
            329423.1770833333,
            "Pa"
        ],
        "garden": [
            331212.23958333326,
            "Pa"
        ]
    },
    "hOhm": "kg/(m^4 * s)",
    "R_total": [
        10066360598.314264,
        "hOhm"
    ],
    "pipe_pressure": {
        "kitchen": [
            7519.53125,
            "Pa"
        ],
        "bathroom": [
            9842.447916666686,
            "Pa"
        ],
        "garden": [
            8053.385416666744,
            "Pa"
        ]
    },
    "R_pipe": {
        "kitchen": [
            223112238.6560466,
            "hOhm"
        ],
        "bathroom": [
            292035569.1776726,
            "hOhm"
        ],
        "garden": [
            238952241.7467812,
            "hOhm"
        ]
    },
    "R_appliance": {
        "kitchen": [
            9843248359.658218,
            "hOhm"
        ],
        "bathroom": [
            9774325029.136591,
            "hOhm"
        ],
        "garden": [
            9827408356.567484,
            "hOhm"
        ]
    }
}