{
    "flow": [
        3.3702907986111107e-05,
        "m3/s"
    ],
    "pressure": [
        339265.625,
        "Pa"
    ],
    "room_pressure": {
        "kitchen": [
            331746.09375,
            "Pa"
        ],
        "bathroom": [
            329423.1770833333,
            "Pa"
        ],
        "garden": [
            331212.23958333326,
            "Pa"
        ]
    },
    "hOhm": "kg/(m^4 * s)",
    "R_total": [
        10066360598.314264,
        "hOhm"
    ],
    "pipe_pressure": {
        "kitchen": [
            7519.53125,
            "Pa"
        ],
        "bathroom": [
            9842.447916666686,
            "Pa"
        ],
        "garden": [
            8053.385416666744,
            "Pa"
        ]
    },
    "R_pipe": {
        "kitchen": [
            223112238.6560466,
            "hOhm"
        ],
        "bathroom": [
            292035569.1776726,
            "hOhm"
        ],
        "garden": [
            238952241.7467812,
            "hOhm"
        ]
    },
    "R_appliance": {
        "kitchen": [
            9843248359.658218,
            "hOhm"
        ],
        "bathroom": [
            9774325029.136591,
            "hOhm"
        ],
        "garden": [
            9827408356.567484,
            "hOhm"
        ]
    },
    "pipe": {
        "main": {
            "diameter": [
                0.00138,
                "m"
            ],
            "area": [
                2.9914245247482006e-06,
                "m\u00b2"
            ],
            "length": [
                6,
                "m"
            ]
        },
        "kc": {
            "diameter": [
                0.00082,
                "m"
            ],
            "area": [
                1.0562034501368885e-06,
                "m\u00b2"
            ],
            "length": [
                3,
                "m"
            ]
        },
        "br_1": {
            "diameter": [
                0.0010500000000000002,
                "m"
            ],
            "area": [
                1.7318029502913738e-06,
                "m\u00b2"
            ],
            "length": [
                6,
                "m"
            ]
        },
        "br_2": {
            "diameter": [
                0.00082,
                "m"
            ],
            "area": [
                1.0562034501368885e-06,
                "m\u00b2"
            ],
            "length": [
                3,
                "m"
            ]
        },
        "gd_1": {
            "diameter": [
                0.0010500000000000002,
                "m"
            ],
            "area": [
                1.7318029502913738e-06,
                "m\u00b2"
            ],
            "length": [
                12,
                "m"
            ]
        },
        "gd_2": {
            "diameter": [
                0.00082,
                "m"
            ],
            "area": [
                1.0562034501368885e-06,
                "m\u00b2"
            ],
            "length": [
                3,
                "m"
            ]
        }
    },
    "temp": [
        293.15,
        "\u00b0C"
    ],
    "density": [
        998.204,
        "kg/m\u00b3"
    ],
    "dyn_viscosity": [
        0.001002,
        "N*s/m\u00b2"
    ],
    "kin_viscosity": [
        1.003802829882469e-06,
        "m\u00b2/s"
    ],
    "Re": {
        "main": 15488.87930392519,
        "kc": 26066.650535874098,
        "br_1": 20356.81279944453,
        "br_2": 26066.650535874098,
        "gd_1": 20356.81279944453,
        "gd_2": 26066.650535874098
    }
}