{
    "pressure": [
        375275.72016460897,
        "Pa"
    ],
    "room_pressure": {
        "kitchen": [
            368152.2633744856,
            "Pa"
        ],
        "bathroom": [
            367119.3415637861,
            "Pa"
        ],
        "garden": [
            367995.8847736626,
            "Pa"
        ]
    },
    "room_pressure_diff": {
        "kitchen": [
            7123.456790123368,
            "Pa"
        ],
        "bathroom": [
            8156.378600822878,
            "Pa"
        ],
        "garden": [
            7279.835390946362,
            "Pa"
        ]
    }
}